站点,水系,日期时间,水位,流量
寸滩,长江,23-06-2020 11:00:00,169.28,20600
武隆,乌江,23-06-2020 11:00:00,186.25,7380
宜昌,长江,23-06-2020 11:04:00,48.46,30400
沙市,长江,23-06-2020 11:00:00,39.36,27100
九江,长江,23-06-2020 11:00:00,16.68,37900
大通,长江,23-06-2020 11:00:00,11.62,41400
城陵矶(七),洞庭湖,23-06-2020 11:00:00,29.22,11800
湖口,鄱阳湖,23-06-2020 11:00:00,16.01,1240
三峡水库(出库),长江,23-06-2020 11:00:00,146.93,31000
丹江口水库(出库),汉江,23-06-2020 11:00:00,159.19,958
武隆,乌江,23-06-2020 12:00:00,185.32,6900
宜昌,长江,23-06-2020 12:00:00,48.58,31200
沙市,长江,23-06-2020 12:00:00,39.39,27200
汉口,长江,23-06-2020 12:00:00,23.11,33500
九江,长江,23-06-2020 12:00:00,16.69,38100
大通,长江,23-06-2020 12:00:00,11.63,41500
城陵矶(七),洞庭湖,23-06-2020 12:00:00,29.23,11800
湖口,鄱阳湖,23-06-2020 12:00:00,16.02,1230
三峡水库(出库),长江,23-06-2020 12:00:00,146.98,31100
寸滩,长江,23-06-2020 12:00:00,169.26,20600
丹江口水库(出库),汉江,23-06-2020 12:00:00,159.19,962
寸滩,长江,23-06-2020 13:00:00,169.18,20400
武隆,乌江,23-06-2020 13:00:00,184.43,6480
宜昌,长江,23-06-2020 13:00:00,48.62,31300
沙市,长江,23-06-2020 13:00:00,39.42,27400
汉口,长江,23-06-2020 13:00:00,23.11,33500
九江,长江,23-06-2020 13:00:00,16.69,38100
大通,长江,23-06-2020 13:00:00,11.65,41600
城陵矶(七),洞庭湖,23-06-2020 13:00:00,29.26,11800
湖口,鄱阳湖,23-06-2020 13:00:00,16.02,1230
三峡水库(出库),长江,23-06-2020 13:00:00,147,31100
丹江口水库(出库),汉江,23-06-2020 13:00:00,159.19,960
寸滩,长江,23-06-2020 14:00:00,169.07,20200
武隆,乌江,23-06-2020 14:00:00,184.06,6330
宜昌,长江,23-06-2020 14:00:00,48.62,31300
沙市,长江,23-06-2020 14:00:00,39.47,27600
汉口,长江,23-06-2020 14:00:00,23.14,33600
九江,长江,23-06-2020 14:00:00,16.71,38300
大通,长江,23-06-2020 14:00:00,11.67,41000
城陵矶(七),洞庭湖,23-06-2020 14:00:00,29.32,11900
湖口,鄱阳湖,23-06-2020 14:00:00,16.03,1220
三峡水库,长江,23-06-2020 14:00:00,147.04,34500
三峡水库(出库),长江,23-06-2020 14:00:00,147.04,31000
丹江口水库,汉江,23-06-2020 14:00:00,159.2,2070
丹江口水库(出库),汉江,23-06-2020 14:00:00,159.2,955
寸滩,长江,23-06-2020 15:00:00,168.94,19900
武隆,乌江,23-06-2020 15:00:00,183.65,6110
宜昌,长江,23-06-2020 15:00:00,48.63,31400
沙市,长江,23-06-2020 15:00:00,39.43,27300
汉口,长江,23-06-2020 15:00:00,23.16,33700
九江,长江,23-06-2020 15:00:00,16.72,38500
大通,长江,23-06-2020 15:00:00,11.71,41100
城陵矶(七),洞庭湖,23-06-2020 15:00:00,29.35,11900
湖口,鄱阳湖,23-06-2020 15:00:00,16.03,1220
三峡水库(出库),长江,23-06-2020 15:00:00,147.08,31000
丹江口水库(出库),汉江,23-06-2020 15:00:00,159.2,951
武隆,乌江,23-06-2020 15:02:00,183.75,6280
寸滩,长江,23-06-2020 16:00:00,168.78,19500
武隆,乌江,23-06-2020 16:00:00,183.72,6150
宜昌,长江,23-06-2020 16:00:00,48.64,31400
沙市,长江,23-06-2020 16:00:00,39.5,27700
汉口,长江,23-06-2020 16:00:00,23.18,33800
九江,长江,23-06-2020 16:00:00,16.73,38700
大通,长江,23-06-2020 16:00:00,11.73,41200
城陵矶(七),洞庭湖,23-06-2020 16:00:00,29.34,11900
湖口,鄱阳湖,23-06-2020 16:00:00,16.05,1210
三峡水库(出库),长江,23-06-2020 16:00:00,147.12,30900
丹江口水库(出库),汉江,23-06-2020 16:00:00,159.2,945
寸滩,长江,23-06-2020 17:00:00,168.61,19100
武隆,乌江,23-06-2020 17:00:00,183.9,6250
宜昌,长江,23-06-2020 17:00:00,48.65,31400
沙市,长江,23-06-2020 17:00:00,39.53,27800
汉口,长江,23-06-2020 17:00:00,23.19,33800
九江,长江,23-06-2020 17:00:00,16.72,38500
大通,长江,23-06-2020 17:00:00,11.75,41100
城陵矶(七),洞庭湖,23-06-2020 17:00:00,29.34,9830
湖口,鄱阳湖,23-06-2020 17:00:00,16.04,1210
三峡水库(出库),长江,23-06-2020 17:00:00,147.14,30900
丹江口水库(出库),汉江,23-06-2020 17:00:00,159.21,952
寸滩,长江,23-06-2020 18:00:00,168.42,18700
武隆,乌江,23-06-2020 18:00:00,183.88,6240
宜昌,长江,23-06-2020 18:00:00,48.63,31400
沙市,长江,23-06-2020 18:00:00,39.53,27800
汉口,长江,23-06-2020 18:00:00,23.2,33800
九江,长江,23-06-2020 18:00:00,16.71,38400
大通,长江,23-06-2020 18:00:00,11.75,41300
城陵矶(七),洞庭湖,23-06-2020 18:00:00,29.39,9800
湖口,鄱阳湖,23-06-2020 18:00:00,16.04,1210
三峡水库(出库),长江,23-06-2020 18:00:00,147.16,30900
丹江口水库(出库),汉江,23-06-2020 18:00:00,159.21,952
寸滩,长江,23-06-2020 19:00:00,168.27,18400
武隆,乌江,23-06-2020 19:00:00,183.76,6170
宜昌,长江,23-06-2020 19:00:00,48.63,31400
沙市,长江,23-06-2020 19:00:00,39.53,27700
汉口,长江,23-06-2020 19:00:00,23.22,33900
九江,长江,23-06-2020 19:00:00,16.73,38700
大通,长江,23-06-2020 19:00:00,11.75,41400
城陵矶(七),洞庭湖,23-06-2020 19:00:00,29.44,9780
湖口,鄱阳湖,23-06-2020 19:00:00,16.05,1200
三峡水库(出库),长江,23-06-2020 19:00:00,147.18,30900
丹江口水库(出库),汉江,23-06-2020 19:00:00,159.21,941
寸滩,长江,23-06-2020 20:00:00,168.11,18000
武隆,乌江,23-06-2020 20:00:00,183.35,5960
宜昌,长江,23-06-2020 20:00:00,48.65,31400
沙市,长江,23-06-2020 20:00:00,39.56,27800
汉口,长江,23-06-2020 20:00:00,23.24,34000
九江,长江,23-06-2020 20:00:00,16.74,38800
大通,长江,23-06-2020 20:00:00,11.75,41600
城陵矶(七),洞庭湖,23-06-2020 20:00:00,29.48,9770
湖口,鄱阳湖,23-06-2020 20:00:00,16.05,1200
丹江口水库,汉江,23-06-2020 20:00:00,159.22,1690
丹江口水库(出库),汉江,23-06-2020 20:00:00,159.22,946
三峡水库,长江,23-06-2020 20:00:00,147.21,32000
三峡水库(出库),长江,23-06-2020 20:00:00,147.21,30900
寸滩,长江,23-06-2020 21:00:00,168.02,17800
武隆,乌江,23-06-2020 21:00:00,182.84,5690
宜昌,长江,23-06-2020 21:00:00,48.65,31400
沙市,长江,23-06-2020 21:00:00,39.56,27700
汉口,长江,23-06-2020 21:00:00,23.26,34000
九江,长江,23-06-2020 21:00:00,16.76,39000
大通,长江,23-06-2020 21:00:00,11.74,41500
城陵矶(七),洞庭湖,23-06-2020 21:00:00,29.43,9790
湖口,鄱阳湖,23-06-2020 21:00:00,16.07,1190
三峡水库(出库),长江,23-06-2020 21:00:00,147.23,30900
丹江口水库(出库),汉江,23-06-2020 21:00:00,159.22,948
寸滩,长江,23-06-2020 22:00:00,167.96,17700
武隆,乌江,23-06-2020 22:00:00,182.52,5530
宜昌,长江,23-06-2020 22:00:00,48.64,31400
沙市,长江,23-06-2020 22:00:00,39.58,27700
汉口,长江,23-06-2020 22:00:00,23.27,34100
九江,长江,23-06-2020 22:00:00,16.77,39100
大通,长江,23-06-2020 22:00:00,11.74,41700
城陵矶(七),洞庭湖,23-06-2020 22:00:00,29.44,9780
湖口,鄱阳湖,23-06-2020 22:00:00,16.09,1190
三峡水库(出库),长江,23-06-2020 22:00:00,147.25,30800
丹江口水库(出库),汉江,23-06-2020 22:00:00,159.23,940
寸滩,长江,23-06-2020 23:00:00,167.86,17500
武隆,乌江,23-06-2020 23:00:00,182.38,5450
宜昌,长江,23-06-2020 23:00:00,48.65,31400
沙市,长江,23-06-2020 23:00:00,39.59,27800
汉口,长江,23-06-2020 23:00:00,23.28,34100
九江,长江,23-06-2020 23:00:00,16.78,39300
大通,长江,23-06-2020 23:00:00,11.73,41600
城陵矶(七),洞庭湖,23-06-2020 23:00:00,29.49,9770
湖口,鄱阳湖,23-06-2020 23:00:00,16.1,1190
三峡水库(出库),长江,23-06-2020 23:00:00,147.28,30600
丹江口水库(出库),汉江,23-06-2020 23:00:00,159.23,948
寸滩,长江,24-06-2020 00:00:00,167.84,17500
武隆,乌江,24-06-2020 00:00:00,182.31,5420
宜昌,长江,24-06-2020 00:00:00,48.66,31500
沙市,长江,24-06-2020 00:00:00,39.65,28100
汉口,长江,24-06-2020 00:00:00,23.3,34200
九江,长江,24-06-2020 00:00:00,16.8,39500
大通,长江,24-06-2020 00:00:00,11.73,41800
城陵矶(七),洞庭湖,24-06-2020 00:00:00,29.53,9760
湖口,鄱阳湖,24-06-2020 00:00:00,16.13,1180
三峡水库(出库),长江,24-06-2020 00:00:00,147.32,28600
丹江口水库(出库),汉江,24-06-2020 00:00:00,159.23,946
寸滩,长江,24-06-2020 01:00:00,167.83,17500
武隆,乌江,24-06-2020 01:00:00,182.22,5370
宜昌,长江,24-06-2020 01:00:00,48.47,30800
沙市,长江,24-06-2020 01:00:00,39.63,28000
汉口,长江,24-06-2020 01:00:00,23.31,34200
九江,长江,24-06-2020 01:00:00,16.82,39700
大通,长江,24-06-2020 01:00:00,11.73,41900
城陵矶(七),洞庭湖,24-06-2020 01:00:00,29.55,9750
湖口,鄱阳湖,24-06-2020 01:00:00,16.15,1180
三峡水库(出库),长江,24-06-2020 01:00:00,147.42,28200
丹江口水库(出库),汉江,24-06-2020 01:00:00,159.24,904
寸滩,长江,24-06-2020 02:00:00,167.84,17500
武隆,乌江,24-06-2020 02:00:00,182.03,5280
宜昌,长江,24-06-2020 02:00:00,48.32,30300
沙市,长江,24-06-2020 02:00:00,39.63,27800
汉口,长江,24-06-2020 02:00:00,23.32,34200
九江,长江,24-06-2020 02:00:00,16.81,39600
大通,长江,24-06-2020 02:00:00,11.73,41900
城陵矶(七),洞庭湖,24-06-2020 02:00:00,29.58,9740
湖口,鄱阳湖,24-06-2020 02:00:00,16.15,1170
三峡水库,长江,24-06-2020 02:00:00,147.5,30000
三峡水库(出库),长江,24-06-2020 02:00:00,147.5,28100
丹江口水库,汉江,24-06-2020 02:00:00,159.24,1680
丹江口水库(出库),汉江,24-06-2020 02:00:00,159.24,907
寸滩,长江,24-06-2020 03:00:00,167.89,17600
武隆,乌江,24-06-2020 03:00:00,181.88,5200
宜昌,长江,24-06-2020 03:00:00,48.22,29900
沙市,长江,24-06-2020 03:00:00,39.64,27800
汉口,长江,24-06-2020 03:00:00,23.34,34300
九江,长江,24-06-2020 03:00:00,16.82,39700
大通,长江,24-06-2020 03:00:00,11.74,42000
城陵矶(七),洞庭湖,24-06-2020 03:00:00,29.58,9740
湖口,鄱阳湖,24-06-2020 03:00:00,16.16,1170
三峡水库(出库),长江,24-06-2020 03:00:00,147.54,28100
丹江口水库(出库),汉江,24-06-2020 03:00:00,159.25,910
寸滩,长江,24-06-2020 04:00:00,167.93,17700
武隆,乌江,24-06-2020 04:00:00,182.07,5300
宜昌,长江,24-06-2020 04:00:00,48.13,29600
沙市,长江,24-06-2020 04:00:00,39.65,27900
汉口,长江,24-06-2020 04:00:00,23.35,34400
九江,长江,24-06-2020 04:00:00,16.84,40000
大通,长江,24-06-2020 04:00:00,11.76,41800
城陵矶(七),洞庭湖,24-06-2020 04:00:00,29.55,9750
湖口,鄱阳湖,24-06-2020 04:00:00,16.16,1160
三峡水库(出库),长江,24-06-2020 04:00:00,147.57,28200
丹江口水库(出库),汉江,24-06-2020 04:00:00,159.25,910
寸滩,长江,24-06-2020 05:00:00,167.98,17800
武隆,乌江,24-06-2020 05:00:00,182.28,5400
宜昌,长江,24-06-2020 05:00:00,48.3,30200
沙市,长江,24-06-2020 05:00:00,39.67,27900
汉口,长江,24-06-2020 05:00:00,23.36,34400
九江,长江,24-06-2020 05:00:00,16.85,40100
大通,长江,24-06-2020 05:00:00,11.77,42000
城陵矶(七),洞庭湖,24-06-2020 05:00:00,29.6,9740
湖口,鄱阳湖,24-06-2020 05:00:00,16.17,1160
三峡水库(出库),长江,24-06-2020 05:00:00,147.5,30500
丹江口水库(出库),汉江,24-06-2020 05:00:00,159.26,908
寸滩,长江,24-06-2020 06:00:00,167.99,17800
武隆,乌江,24-06-2020 06:00:00,182.3,5410
宜昌,长江,24-06-2020 06:00:00,48.4,30600
沙市,长江,24-06-2020 06:00:00,39.68,27900
汉口,长江,24-06-2020 06:00:00,23.38,34500
九江,长江,24-06-2020 06:00:00,16.85,40100
大通,长江,24-06-2020 06:00:00,11.77,42000
城陵矶(七),洞庭湖,24-06-2020 06:00:00,29.64,9730
湖口,鄱阳湖,24-06-2020 06:00:00,16.17,1160
三峡水库(出库),长江,24-06-2020 06:00:00,147.5,30500
丹江口水库(出库),汉江,24-06-2020 06:00:00,159.26,895
寸滩,长江,24-06-2020 07:00:00,167.99,17800
武隆,乌江,24-06-2020 07:00:00,181.99,5260
宜昌,长江,24-06-2020 07:00:00,48.41,30600
沙市,长江,24-06-2020 07:00:00,39.61,27400
汉口,长江,24-06-2020 07:00:00,23.39,34500
九江,长江,24-06-2020 07:00:00,16.85,40100
大通,长江,24-06-2020 07:00:00,11.77,42100
城陵矶(七),洞庭湖,24-06-2020 07:00:00,29.64,9730
湖口,鄱阳湖,24-06-2020 07:00:00,16.18,1150
三峡水库(出库),长江,24-06-2020 07:00:00,147.44,30500
丹江口水库(出库),汉江,24-06-2020 07:00:00,159.26,888
寸滩,长江,24-06-2020 08:00:00,167.97,17700
武隆,乌江,24-06-2020 08:00:00,181.43,4990
宜昌,长江,24-06-2020 08:00:00,48.44,30700
沙市,长江,24-06-2020 08:00:00,39.61,27400
汉口,长江,24-06-2020 08:00:00,23.4,34500
九江,长江,24-06-2020 08:00:00,16.86,40200
大通,长江,24-06-2020 08:00:00,11.77,42300
城陵矶(七),洞庭湖,24-06-2020 08:00:00,29.62,9730
湖口,鄱阳湖,24-06-2020 08:00:00,16.18,1150
三峡水库,长江,24-06-2020 08:00:00,147.44,27500
三峡水库(出库),长江,24-06-2020 08:00:00,147.44,30500
丹江口水库,汉江,24-06-2020 08:00:00,159.26,1650
丹江口水库(出库),汉江,24-06-2020 08:00:00,159.26,887
寸滩,长江,24-06-2020 09:00:00,167.94,17700
武隆,乌江,24-06-2020 09:00:00,180.9,4740
宜昌,长江,24-06-2020 09:00:00,48.52,31000
沙市,长江,24-06-2020 09:00:00,39.61,27300
汉口,长江,24-06-2020 09:00:00,23.41,34600
九江,长江,24-06-2020 09:00:00,16.86,40000
大通,长江,24-06-2020 09:00:00,11.77,42300
城陵矶(七),洞庭湖,24-06-2020 09:00:00,29.68,9720
湖口,鄱阳湖,24-06-2020 09:00:00,16.2,1140
三峡水库(出库),长江,24-06-2020 09:00:00,147.42,30600
丹江口水库(出库),汉江,24-06-2020 09:00:00,159.26,1340
寸滩,长江,24-06-2020 10:00:00,167.92,17600
武隆,乌江,24-06-2020 10:00:00,180.78,4690
宜昌,长江,24-06-2020 10:00:00,48.52,31000
沙市,长江,24-06-2020 10:00:00,39.6,27200
汉口,长江,24-06-2020 10:00:00,23.42,34600
九江,长江,24-06-2020 10:00:00,16.87,40000
大通,长江,24-06-2020 10:00:00,11.78,42200
城陵矶(七),洞庭湖,24-06-2020 10:00:00,29.71,9710
湖口,鄱阳湖,24-06-2020 10:00:00,16.21,1140
三峡水库(出库),长江,24-06-2020 10:00:00,147.39,30500
丹江口水库(出库),汉江,24-06-2020 10:00:00,159.26,1340
武隆,乌江,24-06-2020 10:16:00,180.8,5070
寸滩,长江,24-06-2020 11:00:00,167.86,17500
武隆,乌江,24-06-2020 11:00:00,180.64,4980
宜昌,长江,24-06-2020 11:00:00,48.51,30900
沙市,长江,24-06-2020 11:00:00,39.61,27400
汉口,长江,24-06-2020 11:00:00,23.43,34600
九江,长江,24-06-2020 11:00:00,16.88,40200
大通,长江,24-06-2020 11:00:00,11.77,42300
城陵矶(七),洞庭湖,24-06-2020 11:00:00,29.7,9710
湖口,鄱阳湖,24-06-2020 11:00:00,16.21,1130
三峡水库(出库),长江,24-06-2020 11:00:00,147.36,30600
丹江口水库(出库),汉江,24-06-2020 11:00:00,159.26,1340
寸滩,长江,24-06-2020 12:00:00,167.82,17400
武隆,乌江,24-06-2020 12:00:00,180.15,4730
宜昌,长江,24-06-2020 12:00:00,48.51,30900
沙市,长江,24-06-2020 12:00:00,39.6,27300
汉口,长江,24-06-2020 12:00:00,23.44,34700
九江,长江,24-06-2020 12:00:00,16.88,40200
大通,长江,24-06-2020 12:00:00,11.76,42400
城陵矶(七),洞庭湖,24-06-2020 12:00:00,29.76,9690
湖口,鄱阳湖,24-06-2020 12:00:00,16.23,1120
三峡水库(出库),长江,24-06-2020 12:00:00,147.35,30600
丹江口水库(出库),汉江,24-06-2020 12:00:00,159.27,883
寸滩,长江,24-06-2020 13:00:00,167.76,17300
武隆,乌江,24-06-2020 13:00:00,180.03,4670
宜昌,长江,24-06-2020 13:00:00,48.54,31000
沙市,长江,24-06-2020 13:00:00,39.62,27300
汉口,长江,24-06-2020 13:00:00,23.45,34700
九江,长江,24-06-2020 13:00:00,16.88,40200
大通,长江,24-06-2020 13:00:00,11.77,42400
城陵矶(七),洞庭湖,24-06-2020 13:00:00,29.75,9700
三峡水库(出库),长江,24-06-2020 13:00:00,147.33,30600
丹江口水库(出库),汉江,24-06-2020 13:00:00,159.27,886
寸滩,长江,24-06-2020 14:00:00,167.7,17200
武隆,乌江,24-06-2020 14:00:00,180.16,4730
宜昌,长江,24-06-2020 14:00:00,48.55,31100
沙市,长江,24-06-2020 14:00:00,39.65,27600
汉口,长江,24-06-2020 14:00:00,23.45,34700
九江,长江,24-06-2020 14:00:00,16.9,40500
大通,长江,24-06-2020 14:00:00,11.78,42300
城陵矶(七),洞庭湖,24-06-2020 14:00:00,29.75,9700
三峡水库,长江,24-06-2020 14:00:00,147.29,27000
三峡水库(出库),长江,24-06-2020 14:00:00,147.29,30700
丹江口水库,汉江,24-06-2020 14:00:00,159.27,1520
丹江口水库(出库),汉江,24-06-2020 14:00:00,159.27,1340
寸滩,长江,24-06-2020 15:00:00,167.63,17100
武隆,乌江,24-06-2020 15:00:00,180.31,4810
宜昌,长江,24-06-2020 15:00:00,48.58,31200
沙市,长江,24-06-2020 15:00:00,39.65,27500
汉口,长江,24-06-2020 15:00:00,23.46,34700
九江,长江,24-06-2020 15:00:00,16.91,40600
大通,长江,24-06-2020 15:00:00,11.79,42400
城陵矶(七),洞庭湖,24-06-2020 15:00:00,29.76,9690
三峡水库(出库),长江,24-06-2020 15:00:00,147.24,30700
丹江口水库(出库),汉江,24-06-2020 15:00:00,159.27,1280
城陵矶(七),洞庭湖,24-06-2020 15:09:00,29.76,11900
寸滩,长江,24-06-2020 16:00:00,167.56,16900
武隆,乌江,24-06-2020 16:00:00,180.59,4950
宜昌,长江,24-06-2020 16:00:00,48.62,31300
沙市,长江,24-06-2020 16:00:00,39.66,27600
汉口,长江,24-06-2020 16:00:00,23.48,34800
九江,长江,24-06-2020 16:00:00,16.93,40800
大通,长江,24-06-2020 16:00:00,11.81,42200
城陵矶(七),洞庭湖,24-06-2020 16:00:00,29.8,12000
三峡水库(出库),长江,24-06-2020 16:00:00,147.24,30700
丹江口水库(出库),汉江,24-06-2020 16:00:00,159.27,1290
寸滩,长江,24-06-2020 17:00:00,167.51,16800
武隆,乌江,24-06-2020 17:00:00,180.86,5090
宜昌,长江,24-06-2020 17:00:00,48.64,31400
沙市,长江,24-06-2020 17:00:00,39.63,27300
汉口,长江,24-06-2020 17:00:00,23.49,34800
九江,长江,24-06-2020 17:00:00,16.93,40800
大通,长江,24-06-2020 17:00:00,11.82,42400
城陵矶(七),洞庭湖,24-06-2020 17:00:00,29.82,12000
湖口,鄱阳湖,24-06-2020 17:00:00,16.26,140
三峡水库(出库),长江,24-06-2020 17:00:00,147.21,30700
宜昌,长江,24-06-2020 17:10:00,48.64,31100
丹江口水库(出库),汉江,24-06-2020 17:00:00,159.27,1010
寸滩,长江,24-06-2020 18:00:00,167.42,16600
武隆,乌江,24-06-2020 18:00:00,181.06,5190
宜昌,长江,24-06-2020 18:00:00,48.63,31400
沙市,长江,24-06-2020 18:00:00,39.67,27600
汉口,长江,24-06-2020 18:00:00,23.51,34900
九江,长江,24-06-2020 18:00:00,16.92,40700
大通,长江,24-06-2020 18:00:00,11.83,42400
城陵矶(七),洞庭湖,24-06-2020 18:00:00,29.83,12000
湖口,鄱阳湖,24-06-2020 18:00:00,16.27,146
三峡水库(出库),长江,24-06-2020 18:00:00,147.15,30700
丹江口水库(出库),汉江,24-06-2020 18:00:00,159.26,1290
寸滩,长江,24-06-2020 19:00:00,167.37,16500
武隆,乌江,24-06-2020 19:00:00,181.01,5170
宜昌,长江,24-06-2020 19:00:00,48.63,31400
沙市,长江,24-06-2020 19:00:00,39.63,27300
汉口,长江,24-06-2020 19:00:00,23.52,34900
九江,长江,24-06-2020 19:00:00,16.92,40700
大通,长江,24-06-2020 19:00:00,11.83,42400
城陵矶(七),洞庭湖,24-06-2020 19:00:00,29.85,12000
湖口,鄱阳湖,24-06-2020 19:00:00,16.28,151
三峡水库(出库),长江,24-06-2020 19:00:00,147.11,30800
丹江口水库(出库),汉江,24-06-2020 19:00:00,159.26,1330
寸滩,长江,24-06-2020 20:00:00,167.36,16500
武隆,乌江,24-06-2020 20:00:00,180.95,5130
宜昌,长江,24-06-2020 20:00:00,48.63,31400
沙市,长江,24-06-2020 20:00:00,39.7,27800
汉口,长江,24-06-2020 20:00:00,23.53,35000
九江,长江,24-06-2020 20:00:00,16.93,40700
大通,长江,24-06-2020 20:00:00,11.83,42600
城陵矶(七),洞庭湖,24-06-2020 20:00:00,29.87,12000
湖口,鄱阳湖,24-06-2020 20:00:00,16.29,157
三峡水库,长江,24-06-2020 20:00:00,147.08,25000
三峡水库(出库),长江,24-06-2020 20:00:00,147.08,30800
丹江口水库,汉江,24-06-2020 20:00:00,159.27,1310
丹江口水库(出库),汉江,24-06-2020 20:00:00,159.27,1340
寸滩,长江,24-06-2020 21:00:00,167.36,16500
武隆,乌江,24-06-2020 21:00:00,181.04,5180
宜昌,长江,24-06-2020 21:00:00,48.64,31400
沙市,长江,24-06-2020 21:00:00,39.67,27600
汉口,长江,24-06-2020 21:00:00,23.53,35000
九江,长江,24-06-2020 21:00:00,16.94,40900
大通,长江,24-06-2020 21:00:00,11.82,42700
城陵矶(七),洞庭湖,24-06-2020 21:00:00,29.88,12000
湖口,鄱阳湖,24-06-2020 21:00:00,16.3,162
三峡水库(出库),长江,24-06-2020 21:00:00,147.04,30800
丹江口水库(出库),汉江,24-06-2020 21:00:00,159.28,1330
寸滩,长江,24-06-2020 22:00:00,167.29,16400
武隆,乌江,24-06-2020 22:00:00,181.14,5230
宜昌,长江,24-06-2020 22:00:00,48.63,31400
沙市,长江,24-06-2020 22:00:00,39.66,27400
汉口,长江,24-06-2020 22:00:00,23.55,35000
九江,长江,24-06-2020 22:00:00,16.95,41000
大通,长江,24-06-2020 22:00:00,11.81,42600
城陵矶(七),洞庭湖,24-06-2020 22:00:00,29.95,12000
湖口,鄱阳湖,24-06-2020 22:00:00,16.31,168
三峡水库(出库),长江,24-06-2020 22:00:00,147.01,30800
丹江口水库(出库),汉江,24-06-2020 22:00:00,159.28,1330
寸滩,长江,24-06-2020 23:00:00,167.25,16300
武隆,乌江,24-06-2020 23:00:00,180.99,5150
宜昌,长江,24-06-2020 23:00:00,48.57,31200
沙市,长江,24-06-2020 23:00:00,39.67,27400
汉口,长江,24-06-2020 23:00:00,23.55,35000
九江,长江,24-06-2020 23:00:00,16.96,41100
大通,长江,24-06-2020 23:00:00,11.81,42600
城陵矶(七),洞庭湖,24-06-2020 23:00:00,29.86,12000
湖口,鄱阳湖,24-06-2020 23:00:00,16.32,174
三峡水库(出库),长江,24-06-2020 23:00:00,146.99,30800
丹江口水库(出库),汉江,24-06-2020 23:00:00,159.29,865
寸滩,长江,25-06-2020 00:00:00,167.22,16200
武隆,乌江,25-06-2020 00:00:00,180.86,5090
宜昌,长江,25-06-2020 00:00:00,48.56,31100
沙市,长江,25-06-2020 00:00:00,39.71,27700
汉口,长江,25-06-2020 00:00:00,23.56,35100
九江,长江,25-06-2020 00:00:00,16.97,41300
城陵矶(七),洞庭湖,25-06-2020 00:00:00,29.93,12000
湖口,鄱阳湖,25-06-2020 00:00:00,16.33,179
三峡水库(出库),长江,25-06-2020 00:00:00,146.95,30900
丹江口水库(出库),汉江,25-06-2020 00:00:00,159.3,829
寸滩,长江,25-06-2020 01:00:00,167.2,16200
武隆,乌江,25-06-2020 01:00:00,180.77,5040
宜昌,长江,25-06-2020 01:00:00,48.54,31000
沙市,长江,25-06-2020 01:00:00,39.7,27600
汉口,长江,25-06-2020 01:00:00,23.57,35100
九江,长江,25-06-2020 01:00:00,16.98,41400
大通,长江,25-06-2020 01:00:00,11.79,43000
城陵矶(七),洞庭湖,25-06-2020 01:00:00,29.98,12100
湖口,鄱阳湖,25-06-2020 01:00:00,16.34,185
三峡水库(出库),长江,25-06-2020 01:00:00,147.01,28600
丹江口水库(出库),汉江,25-06-2020 01:00:00,159.29,1010
寸滩,长江,25-06-2020 02:00:00,167.25,16300
武隆,乌江,25-06-2020 02:00:00,180.75,5030
宜昌,长江,25-06-2020 02:00:00,48.39,30500
沙市,长江,25-06-2020 02:00:00,39.69,27500
汉口,长江,25-06-2020 02:00:00,23.57,35100
九江,长江,25-06-2020 02:00:00,16.98,41400
大通,长江,25-06-2020 02:00:00,11.78,43100
城陵矶(七),洞庭湖,25-06-2020 02:00:00,30.02,12100
湖口,鄱阳湖,25-06-2020 02:00:00,16.34,190
三峡水库,长江,25-06-2020 02:00:00,147.01,25000
三峡水库(出库),长江,25-06-2020 02:00:00,147.01,28500
丹江口水库,汉江,25-06-2020 02:00:00,159.3,2230
丹江口水库(出库),汉江,25-06-2020 02:00:00,159.3,1010
寸滩,长江,25-06-2020 03:00:00,167.25,16300
武隆,乌江,25-06-2020 03:00:00,180.59,4950
宜昌,长江,25-06-2020 03:00:00,48.35,30400
沙市,长江,25-06-2020 03:00:00,39.7,27500
汉口,长江,25-06-2020 03:00:00,23.58,35100
九江,长江,25-06-2020 03:00:00,16.99,41500
大通,长江,25-06-2020 03:00:00,11.79,42900
城陵矶(七),洞庭湖,25-06-2020 03:00:00,29.93,12000
湖口,鄱阳湖,25-06-2020 03:00:00,16.34,196
三峡水库(出库),长江,25-06-2020 03:00:00,147.02,28500
丹江口水库(出库),汉江,25-06-2020 03:00:00,159.3,1010
寸滩,长江,25-06-2020 04:00:00,167.26,16300
武隆,乌江,25-06-2020 04:00:00,180.44,4870
宜昌,长江,25-06-2020 04:00:00,48.29,30200
沙市,长江,25-06-2020 04:00:00,39.7,27500
汉口,长江,25-06-2020 04:00:00,23.6,35200
九江,长江,25-06-2020 04:00:00,16.99,41500
大通,长江,25-06-2020 04:00:00,11.79,42700
城陵矶(七),洞庭湖,25-06-2020 04:00:00,30,12100
湖口,鄱阳湖,25-06-2020 04:00:00,16.35,202
三峡水库(出库),长江,25-06-2020 04:00:00,146.99,28500
丹江口水库(出库),汉江,25-06-2020 04:00:00,159.3,1020
寸滩,长江,25-06-2020 05:00:00,167.24,16300
武隆,乌江,25-06-2020 05:00:00,180.39,4850
宜昌,长江,25-06-2020 05:00:00,48.26,30100
沙市,长江,25-06-2020 05:00:00,39.7,27300
汉口,长江,25-06-2020 05:00:00,23.6,35200
九江,长江,25-06-2020 05:00:00,17,41600
大通,长江,25-06-2020 05:00:00,11.8,42700
城陵矶(七),洞庭湖,25-06-2020 05:00:00,29.99,12100
湖口,鄱阳湖,25-06-2020 05:00:00,16.35,207
三峡水库(出库),长江,25-06-2020 05:00:00,146.87,30900
丹江口水库(出库),汉江,25-06-2020 05:00:00,159.29,859
寸滩,长江,25-06-2020 06:00:00,167.17,16100
武隆,乌江,25-06-2020 06:00:00,180.25,4780
宜昌,长江,25-06-2020 06:00:00,48.39,30500
沙市,长江,25-06-2020 06:00:00,39.7,27400
汉口,长江,25-06-2020 06:00:00,23.6,35200
九江,长江,25-06-2020 06:00:00,17,41600
大通,长江,25-06-2020 06:00:00,11.8,42700
城陵矶(七),洞庭湖,25-06-2020 06:00:00,30.03,12100
湖口,鄱阳湖,25-06-2020 06:00:00,16.36,213
三峡水库(出库),长江,25-06-2020 06:00:00,146.84,31100
丹江口水库(出库),汉江,25-06-2020 06:00:00,159.3,1010
寸滩,长江,25-06-2020 07:00:00,167.11,16000
武隆,乌江,25-06-2020 07:00:00,179.99,4650
宜昌,长江,25-06-2020 07:00:00,48.49,30900
沙市,长江,25-06-2020 07:00:00,39.68,27200
汉口,长江,25-06-2020 07:00:00,23.62,35300
九江,长江,25-06-2020 07:00:00,17.01,41700
大通,长江,25-06-2020 07:00:00,11.8,42700
城陵矶(七),洞庭湖,25-06-2020 07:00:00,30.09,12100
湖口,鄱阳湖,25-06-2020 07:00:00,16.37,219
三峡水库(出库),长江,25-06-2020 07:00:00,146.77,31200
丹江口水库(出库),汉江,25-06-2020 07:00:00,159.31,879
寸滩,长江,25-06-2020 08:00:00,167.04,15900
武隆,乌江,25-06-2020 08:00:00,179.56,4430
宜昌,长江,25-06-2020 08:00:00,48.59,31200
沙市,长江,25-06-2020 08:00:00,39.65,27000
汉口,长江,25-06-2020 08:00:00,23.62,35300
九江,长江,25-06-2020 08:00:00,17.01,41400
大通,长江,25-06-2020 08:00:00,11.8,42700
城陵矶(七),洞庭湖,25-06-2020 08:00:00,30.08,12100
湖口,鄱阳湖,25-06-2020 08:00:00,16.38,224
三峡水库,长江,25-06-2020 08:00:00,146.69,25000
三峡水库(出库),长江,25-06-2020 08:00:00,146.69,31200
丹江口水库,汉江,25-06-2020 08:00:00,159.3,982
丹江口水库(出库),汉江,25-06-2020 08:00:00,159.3,1000
寸滩,长江,25-06-2020 09:00:00,166.97,15700
武隆,乌江,25-06-2020 09:00:00,178.91,4120
宜昌,长江,25-06-2020 09:00:00,48.55,31100
沙市,长江,25-06-2020 09:00:00,39.68,27200
汉口,长江,25-06-2020 09:00:00,23.63,35300
九江,长江,25-06-2020 09:00:00,17.02,41800
大通,长江,25-06-2020 09:00:00,11.8,42900
城陵矶(七),洞庭湖,25-06-2020 09:00:00,30.11,12100
湖口,鄱阳湖,25-06-2020 09:00:00,16.4,230
三峡水库(出库),长江,25-06-2020 09:00:00,146.64,31200
丹江口水库(出库),汉江,25-06-2020 09:00:00,159.31,1250
寸滩,长江,25-06-2020 10:00:00,166.89,15600
武隆,乌江,25-06-2020 10:00:00,178.74,4040
宜昌,长江,25-06-2020 10:00:00,48.59,31200
沙市,长江,25-06-2020 10:00:00,39.64,26900
汉口,长江,25-06-2020 10:00:00,23.63,35300
九江,长江,25-06-2020 10:00:00,17.04,40600
大通,长江,25-06-2020 10:00:00,11.79,43000
城陵矶(七),洞庭湖,25-06-2020 10:00:00,30.12,12100
湖口,鄱阳湖,25-06-2020 10:00:00,16.42,251
三峡水库(出库),长江,25-06-2020 10:00:00,146.56,31300
丹江口水库(出库),汉江,25-06-2020 10:00:00,159.31,1240
寸滩,长江,25-06-2020 11:00:00,166.82,15500
武隆,乌江,25-06-2020 11:00:00,178.84,4080
宜昌,长江,25-06-2020 11:00:00,48.73,31700
沙市,长江,25-06-2020 11:00:00,39.64,26900
汉口,长江,25-06-2020 11:00:00,23.64,35300
九江,长江,25-06-2020 11:00:00,17.06,40600
大通,长江,25-06-2020 11:00:00,11.79,43000
城陵矶(七),洞庭湖,25-06-2020 11:00:00,30.1,12100
湖口,鄱阳湖,25-06-2020 11:00:00,16.44,273
三峡水库(出库),长江,25-06-2020 11:00:00,146.51,31400
丹江口水库(出库),汉江,25-06-2020 11:00:00,159.31,1180
寸滩,长江,25-06-2020 12:00:00,166.81,15500
武隆,乌江,25-06-2020 12:00:00,178.95,4140
宜昌,长江,25-06-2020 12:00:00,48.97,32600
沙市,长江,25-06-2020 12:00:00,39.66,27100
汉口,长江,25-06-2020 12:00:00,23.64,35300
九江,长江,25-06-2020 12:00:00,17.07,40700
大通,长江,25-06-2020 12:00:00,11.78,43000
城陵矶(七),洞庭湖,25-06-2020 12:00:00,30.17,12200
湖口,鄱阳湖,25-06-2020 12:00:00,16.45,294
三峡水库(出库),长江,25-06-2020 12:00:00,146.43,31300
丹江口水库(出库),汉江,25-06-2020 12:00:00,159.32,905
寸滩,长江,25-06-2020 13:00:00,166.88,15600
武隆,乌江,25-06-2020 13:00:00,178.88,4100
宜昌,长江,25-06-2020 13:00:00,49.02,32800
沙市,长江,25-06-2020 13:00:00,39.7,27300
汉口,长江,25-06-2020 13:00:00,23.66,35400
九江,长江,25-06-2020 13:00:00,17.08,40700
大通,长江,25-06-2020 13:00:00,11.78,43100
城陵矶(七),洞庭湖,25-06-2020 13:00:00,30.17,12200
湖口,鄱阳湖,25-06-2020 13:00:00,16.45,2220
三峡水库(出库),长江,25-06-2020 13:00:00,146.39,31100
丹江口水库(出库),汉江,25-06-2020 13:00:00,159.32,898
城陵矶(七),洞庭湖,25-06-2020 13:18:00,30.17,13500
寸滩,长江,25-06-2020 14:00:00,166.93,15700
武隆,乌江,25-06-2020 14:00:00,178.67,4000
宜昌,长江,25-06-2020 14:00:00,49.01,32700
沙市,长江,25-06-2020 14:00:00,39.66,27000
汉口,长江,25-06-2020 14:00:00,23.66,35400
九江,长江,25-06-2020 14:00:00,17.09,40700
大通,长江,25-06-2020 14:00:00,11.78,43100
城陵矶(七),洞庭湖,25-06-2020 14:00:00,30.21,13600
湖口,鄱阳湖,25-06-2020 14:00:00,16.46,2230
三峡水库,长江,25-06-2020 14:00:00,146.34,23800
三峡水库(出库),长江,25-06-2020 14:00:00,146.34,31000
丹江口水库,汉江,25-06-2020 14:00:00,159.32,1820
丹江口水库(出库),汉江,25-06-2020 14:00:00,159.32,888
寸滩,长江,25-06-2020 15:00:00,166.97,15700
武隆,乌江,25-06-2020 15:00:00,178.44,3900
宜昌,长江,25-06-2020 15:00:00,48.91,32400
沙市,长江,25-06-2020 15:00:00,39.7,27300
汉口,长江,25-06-2020 15:00:00,23.68,35500
九江,长江,25-06-2020 15:00:00,17.09,40700
大通,长江,25-06-2020 15:00:00,11.8,43100
城陵矶(七),洞庭湖,25-06-2020 15:00:00,30.22,13600
湖口,鄱阳湖,25-06-2020 15:00:00,16.47,2280
三峡水库(出库),长江,25-06-2020 15:00:00,146.29,30900
丹江口水库(出库),汉江,25-06-2020 15:00:00,159.33,877
寸滩,长江,25-06-2020 16:00:00,166.99,15800
武隆,乌江,25-06-2020 16:00:00,178.25,3810
宜昌,长江,25-06-2020 16:00:00,48.87,32200
沙市,长江,25-06-2020 16:00:00,39.72,27400
汉口,长江,25-06-2020 16:00:00,23.68,35500
九江,长江,25-06-2020 16:00:00,17.1,40800
大通,长江,25-06-2020 16:00:00,11.81,42800
城陵矶(七),洞庭湖,25-06-2020 16:00:00,30.24,13600
湖口,鄱阳湖,25-06-2020 16:00:00,16.47,2320
三峡水库(出库),长江,25-06-2020 16:00:00,146.25,30900
丹江口水库(出库),汉江,25-06-2020 16:00:00,159.33,884
寸滩,长江,25-06-2020 17:00:00,167.01,15800
武隆,乌江,25-06-2020 17:00:00,177.99,3690
宜昌,长江,25-06-2020 17:00:00,48.86,32200
沙市,长江,25-06-2020 17:00:00,39.77,27800
汉口,长江,25-06-2020 17:00:00,23.71,35600
九江,长江,25-06-2020 17:00:00,17.11,40800
大通,长江,25-06-2020 17:00:00,11.83,43000
城陵矶(七),洞庭湖,25-06-2020 17:00:00,30.23,13600
湖口,鄱阳湖,25-06-2020 17:00:00,16.48,2350
三峡水库(出库),长江,25-06-2020 17:00:00,146.24,30000
丹江口水库(出库),汉江,25-06-2020 17:00:00,159.33,885
寸滩,长江,25-06-2020 18:00:00,167,15800
武隆,乌江,25-06-2020 18:00:00,177.8,3600
宜昌,长江,25-06-2020 18:00:00,48.97,32600
沙市,长江,25-06-2020 18:00:00,39.76,27600
汉口,长江,25-06-2020 18:00:00,23.71,35600
九江,长江,25-06-2020 18:00:00,17.11,40800
大通,长江,25-06-2020 18:00:00,11.85,42800
城陵矶(七),洞庭湖,25-06-2020 18:00:00,30.25,13600
湖口,鄱阳湖,25-06-2020 18:00:00,16.48,2380
三峡水库(出库),长江,25-06-2020 18:00:00,146.18,29900
丹江口水库(出库),汉江,25-06-2020 18:00:00,159.33,880
寸滩,长江,25-06-2020 19:00:00,166.96,15700
武隆,乌江,25-06-2020 19:00:00,177.71,3560
宜昌,长江,25-06-2020 19:00:00,48.72,31700
沙市,长江,25-06-2020 19:00:00,39.76,27600
汉口,长江,25-06-2020 19:00:00,23.72,35600
九江,长江,25-06-2020 19:00:00,17.13,40900
大通,长江,25-06-2020 19:00:00,11.85,43000
城陵矶(七),洞庭湖,25-06-2020 19:00:00,30.22,13600
湖口,鄱阳湖,25-06-2020 19:00:00,16.5,2410
三峡水库(出库),长江,25-06-2020 19:00:00,146.16,29700
丹江口水库(出库),汉江,25-06-2020 19:00:00,159.33,1020
寸滩,长江,25-06-2020 20:00:00,166.93,15700
武隆,乌江,25-06-2020 20:00:00,177.65,3530
宜昌,长江,25-06-2020 20:00:00,48.62,31300
沙市,长江,25-06-2020 20:00:00,39.78,27600
汉口,长江,25-06-2020 20:00:00,23.73,35700
九江,长江,25-06-2020 20:00:00,17.14,40900
大通,长江,25-06-2020 20:00:00,11.85,43100
城陵矶(七),洞庭湖,25-06-2020 20:00:00,30.29,13600
湖口,鄱阳湖,25-06-2020 20:00:00,16.52,2440
三峡水库,长江,25-06-2020 20:00:00,146.12,22500
三峡水库(出库),长江,25-06-2020 20:00:00,146.12,29800
丹江口水库,汉江,25-06-2020 20:00:00,159.33,1300
丹江口水库(出库),汉江,25-06-2020 20:00:00,159.33,1300
寸滩,长江,25-06-2020 21:00:00,166.92,15700
武隆,乌江,25-06-2020 21:00:00,177.64,3530
宜昌,长江,25-06-2020 21:00:00,48.57,31200
沙市,长江,25-06-2020 21:00:00,39.84,28000
汉口,长江,25-06-2020 21:00:00,23.75,35700
九江,长江,25-06-2020 21:00:00,17.14,40900
大通,长江,25-06-2020 21:00:00,11.86,43200
城陵矶(七),洞庭湖,25-06-2020 21:00:00,30.23,13600
湖口,鄱阳湖,25-06-2020 21:00:00,16.53,2470
三峡水库(出库),长江,25-06-2020 21:00:00,146.05,29800
丹江口水库(出库),汉江,25-06-2020 21:00:00,159.34,1300
寸滩,长江,25-06-2020 22:00:00,166.9,15600
武隆,乌江,25-06-2020 22:00:00,177.67,3540
宜昌,长江,25-06-2020 22:00:00,48.51,30900
沙市,长江,25-06-2020 22:00:00,39.8,27600
汉口,长江,25-06-2020 22:00:00,23.75,35700
九江,长江,25-06-2020 22:00:00,17.16,41000
大通,长江,25-06-2020 22:00:00,11.85,43300
城陵矶(七),洞庭湖,25-06-2020 22:00:00,30.3,13600
湖口,鄱阳湖,25-06-2020 22:00:00,16.55,2510
三峡水库(出库),长江,25-06-2020 22:00:00,146.09,27900
丹江口水库(出库),汉江,25-06-2020 22:00:00,159.33,1470
寸滩,长江,25-06-2020 23:00:00,166.87,15600
武隆,乌江,25-06-2020 23:00:00,177.75,3580
宜昌,长江,25-06-2020 23:00:00,48.37,30500
沙市,长江,25-06-2020 23:00:00,39.81,27600
汉口,长江,25-06-2020 23:00:00,23.76,35800
九江,长江,25-06-2020 23:00:00,17.17,41100
大通,长江,25-06-2020 23:00:00,11.84,43400
城陵矶(七),洞庭湖,25-06-2020 23:00:00,30.28,13600
湖口,鄱阳湖,25-06-2020 23:00:00,16.56,2540
三峡水库(出库),长江,25-06-2020 23:00:00,146.07,27900
丹江口水库(出库),汉江,25-06-2020 23:00:00,159.34,1020
寸滩,长江,26-06-2020 00:00:00,166.85,15500
武隆,乌江,26-06-2020 00:00:00,177.79,3600
宜昌,长江,26-06-2020 00:00:00,48.26,30100
沙市,长江,26-06-2020 00:00:00,39.81,27500
汉口,长江,26-06-2020 00:00:00,23.77,35800
九江,长江,26-06-2020 00:00:00,17.19,41100
大通,长江,26-06-2020 00:00:00,11.83,43500
城陵矶(七),洞庭湖,26-06-2020 00:00:00,30.35,13700
湖口,鄱阳湖,26-06-2020 00:00:00,16.58,2570
三峡水库(出库),长江,26-06-2020 00:00:00,146.09,27800
丹江口水库(出库),汉江,26-06-2020 00:00:00,159.34,880
寸滩,长江,26-06-2020 01:00:00,166.87,15600
武隆,乌江,26-06-2020 01:00:00,177.8,3600
宜昌,长江,26-06-2020 01:00:00,48.13,29600
沙市,长江,26-06-2020 01:00:00,39.8,27500
汉口,长江,26-06-2020 01:00:00,23.78,35800
九江,长江,26-06-2020 01:00:00,17.2,41200
大通,长江,26-06-2020 01:00:00,11.82,43600
城陵矶(七),洞庭湖,26-06-2020 01:00:00,30.36,13700
湖口,鄱阳湖,26-06-2020 01:00:00,16.61,2600
三峡水库(出库),长江,26-06-2020 01:00:00,146.2,23900
丹江口水库(出库),汉江,26-06-2020 01:00:00,159.34,1020
寸滩,长江,26-06-2020 02:00:00,166.88,15600
武隆,乌江,26-06-2020 02:00:00,177.76,3580
宜昌,长江,26-06-2020 02:00:00,47.7,28200
沙市,长江,26-06-2020 02:00:00,39.78,27300
汉口,长江,26-06-2020 02:00:00,23.78,35800
九江,长江,26-06-2020 02:00:00,17.21,41200
大通,长江,26-06-2020 02:00:00,11.81,43700
城陵矶(七),洞庭湖,26-06-2020 02:00:00,30.39,13700
湖口,鄱阳湖,26-06-2020 02:00:00,16.59,2630
三峡水库,长江,26-06-2020 02:00:00,146.3,22000
三峡水库(出库),长江,26-06-2020 02:00:00,146.3,21900
丹江口水库,汉江,26-06-2020 02:00:00,159.34,1510
丹江口水库(出库),汉江,26-06-2020 02:00:00,159.34,1020
寸滩,长江,26-06-2020 03:00:00,166.87,15600
武隆,乌江,26-06-2020 03:00:00,177.72,3560
宜昌,长江,26-06-2020 03:00:00,47.45,27300
沙市,长江,26-06-2020 03:00:00,39.77,27100
汉口,长江,26-06-2020 03:00:00,23.79,35900
九江,长江,26-06-2020 03:00:00,17.23,41300
大通,长江,26-06-2020 03:00:00,11.81,43900
城陵矶(七),洞庭湖,26-06-2020 03:00:00,30.4,13700
湖口,鄱阳湖,26-06-2020 03:00:00,16.61,2670
三峡水库(出库),长江,26-06-2020 03:00:00,146.4,21800
丹江口水库(出库),汉江,26-06-2020 03:00:00,159.34,1020
寸滩,长江,26-06-2020 04:00:00,166.86,15500
武隆,乌江,26-06-2020 04:00:00,177.47,3450
宜昌,长江,26-06-2020 04:00:00,46.87,25400
沙市,长江,26-06-2020 04:00:00,39.73,26800
汉口,长江,26-06-2020 04:00:00,23.79,35900
九江,长江,26-06-2020 04:00:00,17.22,41300
大通,长江,26-06-2020 04:00:00,11.82,43500
城陵矶(七),洞庭湖,26-06-2020 04:00:00,30.43,13800
湖口,鄱阳湖,26-06-2020 04:00:00,16.62,2700
三峡水库(出库),长江,26-06-2020 04:00:00,146.46,21800
丹江口水库(出库),汉江,26-06-2020 04:00:00,159.35,1030
寸滩,长江,26-06-2020 05:00:00,166.83,15500
武隆,乌江,26-06-2020 05:00:00,177.01,3240
宜昌,长江,26-06-2020 05:00:00,46.58,24500
沙市,长江,26-06-2020 05:00:00,39.7,26600
汉口,长江,26-06-2020 05:00:00,23.81,35900
九江,长江,26-06-2020 05:00:00,17.24,41300
大通,长江,26-06-2020 05:00:00,11.84,43400
城陵矶(七),洞庭湖,26-06-2020 05:00:00,30.41,13700
湖口,鄱阳湖,26-06-2020 05:00:00,16.63,2730
三峡水库(出库),长江,26-06-2020 05:00:00,146.48,22000
丹江口水库(出库),汉江,26-06-2020 05:00:00,159.35,1020
寸滩,长江,26-06-2020 06:00:00,166.77,15400
武隆,乌江,26-06-2020 06:00:00,176.7,3110
宜昌,长江,26-06-2020 06:00:00,46.64,24600
沙市,长江,26-06-2020 06:00:00,39.66,26200
汉口,长江,26-06-2020 06:00:00,23.81,35900
九江,长江,26-06-2020 06:00:00,17.26,41400
大通,长江,26-06-2020 06:00:00,11.84,43600
城陵矶(七),洞庭湖,26-06-2020 06:00:00,30.42,13700
湖口,鄱阳湖,26-06-2020 06:00:00,16.64,2760
三峡水库(出库),长江,26-06-2020 06:00:00,146.48,22100
丹江口水库(出库),汉江,26-06-2020 06:00:00,159.35,1020
寸滩,长江,26-06-2020 07:00:00,166.74,15300
武隆,乌江,26-06-2020 07:00:00,176.72,3120
宜昌,长江,26-06-2020 07:00:00,46.57,24400
沙市,长江,26-06-2020 07:00:00,39.59,25800
汉口,长江,26-06-2020 07:00:00,23.82,36000
九江,长江,26-06-2020 07:00:00,17.26,41400
大通,长江,26-06-2020 07:00:00,11.84,43700
城陵矶(七),洞庭湖,26-06-2020 07:00:00,30.45,13800
湖口,鄱阳湖,26-06-2020 07:00:00,16.65,2790
三峡水库(出库),长江,26-06-2020 07:00:00,146.51,22100
丹江口水库(出库),汉江,26-06-2020 07:00:00,159.35,1020
寸滩,长江,26-06-2020 08:00:00,166.66,15200
武隆,乌江,26-06-2020 08:00:00,176.91,3200
宜昌,长江,26-06-2020 08:00:00,46.65,24700
沙市,长江,26-06-2020 08:00:00,39.48,25100
汉口,长江,26-06-2020 08:00:00,23.83,36000
九江,长江,26-06-2020 08:00:00,17.27,41500
大通,长江,26-06-2020 08:00:00,11.85,43600
城陵矶(七),洞庭湖,26-06-2020 08:00:00,30.49,13800
湖口,鄱阳湖,26-06-2020 08:00:00,16.66,2820
三峡水库,长江,26-06-2020 08:00:00,146.39,21500
三峡水库(出库),长江,26-06-2020 08:00:00,146.39,25700
丹江口水库,汉江,26-06-2020 08:00:00,159.36,1770
丹江口水库(出库),汉江,26-06-2020 08:00:00,159.36,1030
寸滩,长江,26-06-2020 09:00:00,166.58,15000
武隆,乌江,26-06-2020 09:00:00,176.76,3140
宜昌,长江,26-06-2020 09:00:00,46.93,25600
沙市,长江,26-06-2020 09:00:00,39.47,25200
汉口,长江,26-06-2020 09:00:00,23.84,36000
九江,长江,26-06-2020 09:00:00,17.28,41500
大通,长江,26-06-2020 09:00:00,11.85,43900
城陵矶(七),洞庭湖,26-06-2020 09:00:00,30.47,13800
湖口,鄱阳湖,26-06-2020 09:00:00,16.67,2860
三峡水库(出库),长江,26-06-2020 09:00:00,146.33,25900
丹江口水库(出库),汉江,26-06-2020 09:00:00,159.36,1300
汉口,长江,26-06-2020 09:29:00,23.84,39800
寸滩,长江,26-06-2020 10:00:00,166.54,15000
武隆,乌江,26-06-2020 10:00:00,176.45,3010
宜昌,长江,26-06-2020 10:00:00,47.11,26200
沙市,长江,26-06-2020 10:00:00,39.34,24300
汉口,长江,26-06-2020 10:00:00,23.85,39500
九江,长江,26-06-2020 10:00:00,17.28,41500
大通,长江,26-06-2020 10:00:00,11.85,44100
城陵矶(七),洞庭湖,26-06-2020 10:00:00,30.48,13800
湖口,鄱阳湖,26-06-2020 10:00:00,16.69,2890
三峡水库(出库),长江,26-06-2020 10:00:00,146.25,26000
丹江口水库(出库),汉江,26-06-2020 10:00:00,159.37,1090
寸滩,长江,26-06-2020 11:00:00,166.52,14900
武隆,乌江,26-06-2020 11:00:00,176.34,2960
宜昌,长江,26-06-2020 11:00:00,47.17,26400
沙市,长江,26-06-2020 11:00:00,39.28,24100
汉口,长江,26-06-2020 11:00:00,23.86,39500
九江,长江,26-06-2020 11:00:00,17.29,41600
大通,长江,26-06-2020 11:00:00,11.85,44100
城陵矶(七),洞庭湖,26-06-2020 11:00:00,30.53,13800
湖口,鄱阳湖,26-06-2020 11:00:00,16.69,2920
三峡水库(出库),长江,26-06-2020 11:00:00,146.2,26000
宜昌,长江,26-06-2020 11:12:00,47.18,25900
丹江口水库(出库),汉江,26-06-2020 11:00:00,159.36,1300
寸滩,长江,26-06-2020 12:00:00,166.48,14900
武隆,乌江,26-06-2020 12:00:00,176.31,2950
宜昌,长江,26-06-2020 12:00:00,47.21,26500
沙市,长江,26-06-2020 12:00:00,39.22,23900
汉口,长江,26-06-2020 12:00:00,23.87,39600
九江,长江,26-06-2020 12:00:00,17.31,41600
大通,长江,26-06-2020 12:00:00,11.86,44100
城陵矶(七),洞庭湖,26-06-2020 12:00:00,30.54,13800
湖口,鄱阳湖,26-06-2020 12:00:00,16.7,2950
三峡水库(出库),长江,26-06-2020 12:00:00,146.24,23500
丹江口水库(出库),汉江,26-06-2020 12:00:00,159.37,1200
寸滩,长江,26-06-2020 13:00:00,166.44,14800
武隆,乌江,26-06-2020 13:00:00,176.25,2920
宜昌,长江,26-06-2020 13:00:00,46.93,25600
沙市,长江,26-06-2020 13:00:00,39.19,23900
汉口,长江,26-06-2020 13:00:00,23.87,39600
九江,长江,26-06-2020 13:00:00,17.32,41700
大通,长江,26-06-2020 13:00:00,11.86,44000
城陵矶(七),洞庭湖,26-06-2020 13:00:00,30.55,13900
湖口,鄱阳湖,26-06-2020 13:00:00,16.72,2980
三峡水库(出库),长江,26-06-2020 13:00:00,146.2,23300
丹江口水库(出库),汉江,26-06-2020 13:00:00,159.37,1270
寸滩,长江,26-06-2020 14:00:00,166.44,14800
武隆,乌江,26-06-2020 14:00:00,176.29,2940
宜昌,长江,26-06-2020 14:00:00,46.81,25200
沙市,长江,26-06-2020 14:00:00,39.15,23800
汉口,长江,26-06-2020 14:00:00,23.89,39700
九江,长江,26-06-2020 14:00:00,17.34,41800
大通,长江,26-06-2020 14:00:00,11.85,44200
城陵矶(七),洞庭湖,26-06-2020 14:00:00,30.56,13900
湖口,鄱阳湖,26-06-2020 14:00:00,16.74,3020
三峡水库,长江,26-06-2020 14:00:00,146.24,20800
三峡水库(出库),长江,26-06-2020 14:00:00,146.24,23200
丹江口水库,汉江,26-06-2020 14:00:00,159.37,1660
丹江口水库(出库),汉江,26-06-2020 14:00:00,159.37,1440
寸滩,长江,26-06-2020 15:00:00,166.45,14800
武隆,乌江,26-06-2020 15:00:00,176.43,3000
宜昌,长江,26-06-2020 15:00:00,46.73,24900
沙市,长江,26-06-2020 15:00:00,39.12,23800
汉口,长江,26-06-2020 15:00:00,23.89,39700
九江,长江,26-06-2020 15:00:00,17.35,41800
大通,长江,26-06-2020 15:00:00,11.85,44200
城陵矶(七),洞庭湖,26-06-2020 15:00:00,30.57,13900
湖口,鄱阳湖,26-06-2020 15:00:00,16.74,3050
三峡水库(出库),长江,26-06-2020 15:00:00,146.25,23300
丹江口水库(出库),汉江,26-06-2020 15:00:00,159.37,1510
寸滩,长江,26-06-2020 16:00:00,166.46,14800
武隆,乌江,26-06-2020 16:00:00,176.61,3080
宜昌,长江,26-06-2020 16:00:00,46.67,24700
沙市,长江,26-06-2020 16:00:00,39.09,23600
汉口,长江,26-06-2020 16:00:00,23.9,39700
九江,长江,26-06-2020 16:00:00,17.36,41800
大通,长江,26-06-2020 16:00:00,11.88,44100
城陵矶(七),洞庭湖,26-06-2020 16:00:00,30.6,13900
湖口,鄱阳湖,26-06-2020 16:00:00,16.77,3080
三峡水库(出库),长江,26-06-2020 16:00:00,146.23,23300
丹江口水库(出库),汉江,26-06-2020 16:00:00,159.37,1510
寸滩,长江,26-06-2020 17:00:00,166.46,14800
武隆,乌江,26-06-2020 17:00:00,176.7,3110
宜昌,长江,26-06-2020 17:00:00,46.74,25000
沙市,长江,26-06-2020 17:00:00,39.07,23600
汉口,长江,26-06-2020 17:00:00,23.92,39800
九江,长江,26-06-2020 17:00:00,17.38,41900
大通,长江,26-06-2020 17:00:00,11.89,43800
城陵矶(七),洞庭湖,26-06-2020 17:00:00,30.53,13800
湖口,鄱阳湖,26-06-2020 17:00:00,16.78,3110
三峡水库(出库),长江,26-06-2020 17:00:00,146.12,26200
丹江口水库(出库),汉江,26-06-2020 17:00:00,159.38,1450
城陵矶(七),洞庭湖,26-06-2020 17:04:00,30.6,17100
寸滩,长江,26-06-2020 18:00:00,166.44,14800
武隆,乌江,26-06-2020 18:00:00,176.76,3140
宜昌,长江,26-06-2020 18:00:00,47.06,26000
沙市,长江,26-06-2020 18:00:00,39.02,23200
汉口,长江,26-06-2020 18:00:00,23.92,39800
九江,长江,26-06-2020 18:00:00,17.4,42000
大通,长江,26-06-2020 18:00:00,11.91,44100
城陵矶(七),洞庭湖,26-06-2020 18:00:00,30.54,17000
湖口,鄱阳湖,26-06-2020 18:00:00,16.8,3140
三峡水库(出库),长江,26-06-2020 18:00:00,146.08,26400
丹江口水库(出库),汉江,26-06-2020 18:00:00,159.38,1520
寸滩,长江,26-06-2020 19:00:00,166.41,14700
武隆,乌江,26-06-2020 19:00:00,176.77,3140
宜昌,长江,26-06-2020 19:00:00,47.17,26400
沙市,长江,26-06-2020 19:00:00,38.98,23100
汉口,长江,26-06-2020 19:00:00,23.95,39900
九江,长江,26-06-2020 19:00:00,17.41,42000
大通,长江,26-06-2020 19:00:00,11.92,44300
城陵矶(七),洞庭湖,26-06-2020 19:00:00,30.56,17000
湖口,鄱阳湖,26-06-2020 19:00:00,16.8,3170
三峡水库(出库),长江,26-06-2020 19:00:00,145.99,26400
丹江口水库(出库),汉江,26-06-2020 19:00:00,159.38,868
寸滩,长江,26-06-2020 20:00:00,166.39,14700
武隆,乌江,26-06-2020 20:00:00,176.71,3120
宜昌,长江,26-06-2020 20:00:00,47.31,26900
沙市,长江,26-06-2020 20:00:00,38.97,23200
汉口,长江,26-06-2020 20:00:00,23.99,40100
九江,长江,26-06-2020 20:00:00,17.42,42100
大通,长江,26-06-2020 20:00:00,11.95,44100
城陵矶(七),洞庭湖,26-06-2020 20:00:00,30.58,17100
湖口,鄱阳湖,26-06-2020 20:00:00,16.81,3210
三峡水库,长江,26-06-2020 20:00:00,145.91,20500
三峡水库(出库),长江,26-06-2020 20:00:00,145.91,26300
丹江口水库,汉江,26-06-2020 20:00:00,159.37,1370
丹江口水库(出库),汉江,26-06-2020 20:00:00,159.37,1540
寸滩,长江,26-06-2020 21:00:00,166.35,14600
武隆,乌江,26-06-2020 21:00:00,176.78,3150
宜昌,长江,26-06-2020 21:00:00,47.27,26700
沙市,长江,26-06-2020 21:00:00,38.93,22900
汉口,长江,26-06-2020 21:00:00,23.99,40100
九江,长江,26-06-2020 21:00:00,17.42,42100
大通,长江,26-06-2020 21:00:00,11.93,44500
城陵矶(七),洞庭湖,26-06-2020 21:00:00,30.6,17100
湖口,鄱阳湖,26-06-2020 21:00:00,16.83,3240
三峡水库(出库),长江,26-06-2020 21:00:00,145.89,26400
丹江口水库(出库),汉江,26-06-2020 21:00:00,159.38,1520
寸滩,长江,26-06-2020 22:00:00,166.32,14600
武隆,乌江,26-06-2020 22:00:00,177.04,3260
宜昌,长江,26-06-2020 22:00:00,47.17,26400
沙市,长江,26-06-2020 22:00:00,38.92,23000
汉口,长江,26-06-2020 22:00:00,24,40200
九江,长江,26-06-2020 22:00:00,17.44,42200
大通,长江,26-06-2020 22:00:00,11.94,44500
城陵矶(七),洞庭湖,26-06-2020 22:00:00,30.59,17100
湖口,鄱阳湖,26-06-2020 22:00:00,16.88,3270
三峡水库(出库),长江,26-06-2020 22:00:00,145.95,22700
丹江口水库(出库),汉江,26-06-2020 22:00:00,159.37,1530
寸滩,长江,26-06-2020 23:00:00,166.27,14500
武隆,乌江,26-06-2020 23:00:00,177.25,3350
宜昌,长江,26-06-2020 23:00:00,46.8,25200
沙市,长江,26-06-2020 23:00:00,38.93,23200
汉口,长江,26-06-2020 23:00:00,24,40200
九江,长江,26-06-2020 23:00:00,17.46,42200
大通,长江,26-06-2020 23:00:00,11.93,44800
城陵矶(七),洞庭湖,26-06-2020 23:00:00,30.59,17100
湖口,鄱阳湖,26-06-2020 23:00:00,16.9,3300
三峡水库(出库),长江,26-06-2020 23:00:00,145.98,21700
丹江口水库(出库),汉江,26-06-2020 23:00:00,159.38,883
寸滩,长江,27-06-2020 00:00:00,166.25,14400
武隆,乌江,27-06-2020 00:00:00,177.3,3380
宜昌,长江,27-06-2020 00:00:00,46.58,24500
沙市,长江,27-06-2020 00:00:00,38.94,23300
汉口,长江,27-06-2020 00:00:00,24,40200
九江,长江,27-06-2020 00:00:00,17.48,42300
大通,长江,27-06-2020 00:00:00,11.93,44900
城陵矶(七),洞庭湖,27-06-2020 00:00:00,30.61,17100
湖口,鄱阳湖,27-06-2020 00:00:00,16.89,3330
三峡水库(出库),长江,27-06-2020 00:00:00,146.02,21700
丹江口水库(出库),汉江,27-06-2020 00:00:00,159.38,850
寸滩,长江,27-06-2020 01:00:00,166.22,14400
武隆,乌江,27-06-2020 01:00:00,177.32,3380
宜昌,长江,27-06-2020 01:00:00,46.42,24000
沙市,长江,27-06-2020 01:00:00,38.92,23200
汉口,长江,27-06-2020 01:00:00,24.01,40200
九江,长江,27-06-2020 01:00:00,17.49,42400
大通,长江,27-06-2020 01:00:00,11.93,45100
城陵矶(七),洞庭湖,27-06-2020 01:00:00,30.57,17100
湖口,鄱阳湖,27-06-2020 01:00:00,16.9,3370
三峡水库(出库),长江,27-06-2020 01:00:00,146.1,20800
丹江口水库(出库),汉江,27-06-2020 01:00:00,159.37,842
寸滩,长江,27-06-2020 02:00:00,166.17,14300
武隆,乌江,27-06-2020 02:00:00,177.46,3450
宜昌,长江,27-06-2020 02:00:00,46.24,23400
沙市,长江,27-06-2020 02:00:00,38.91,23000
汉口,长江,27-06-2020 02:00:00,24.02,40300
九江,长江,27-06-2020 02:00:00,17.49,42400
大通,长江,27-06-2020 02:00:00,11.94,45300
城陵矶(七),洞庭湖,27-06-2020 02:00:00,30.61,17100
湖口,鄱阳湖,27-06-2020 02:00:00,16.91,3400
三峡水库,长江,27-06-2020 02:00:00,146.12,20000
三峡水库(出库),长江,27-06-2020 02:00:00,146.12,20700
丹江口水库,汉江,27-06-2020 02:00:00,159.39,1900
丹江口水库(出库),汉江,27-06-2020 02:00:00,159.39,845
寸滩,长江,27-06-2020 03:00:00,166.12,14200
武隆,乌江,27-06-2020 03:00:00,177.64,3530
宜昌,长江,27-06-2020 03:00:00,46.08,22900
沙市,长江,27-06-2020 03:00:00,38.89,22900
汉口,长江,27-06-2020 03:00:00,24.02,40300
九江,长江,27-06-2020 03:00:00,17.5,42400
大通,长江,27-06-2020 03:00:00,11.93,45400
城陵矶(七),洞庭湖,27-06-2020 03:00:00,30.63,17100
湖口,鄱阳湖,27-06-2020 03:00:00,16.92,3430
三峡水库(出库),长江,27-06-2020 03:00:00,146.15,20800
丹江口水库(出库),汉江,27-06-2020 03:00:00,159.39,852
寸滩,长江,27-06-2020 04:00:00,166.06,14100
武隆,乌江,27-06-2020 04:00:00,177.51,3470
宜昌,长江,27-06-2020 04:00:00,46.08,22900
沙市,长江,27-06-2020 04:00:00,38.87,22800
汉口,长江,27-06-2020 04:00:00,24.03,40300
九江,长江,27-06-2020 04:00:00,17.51,42400
大通,长江,27-06-2020 04:00:00,11.94,45500
城陵矶(七),洞庭湖,27-06-2020 04:00:00,30.64,17100
湖口,鄱阳湖,27-06-2020 04:00:00,16.92,3460
三峡水库(出库),长江,27-06-2020 04:00:00,146.16,20800
丹江口水库(出库),汉江,27-06-2020 04:00:00,159.4,847
寸滩,长江,27-06-2020 05:00:00,166.03,14100
武隆,乌江,27-06-2020 05:00:00,177.37,3410
宜昌,长江,27-06-2020 05:00:00,46.06,22900
沙市,长江,27-06-2020 05:00:00,38.82,22500
汉口,长江,27-06-2020 05:00:00,24.03,40300
九江,长江,27-06-2020 05:00:00,17.52,42500
大通,长江,27-06-2020 05:00:00,11.94,45200
城陵矶(七),洞庭湖,27-06-2020 05:00:00,30.61,17100
湖口,鄱阳湖,27-06-2020 05:00:00,16.92,3490
三峡水库(出库),长江,27-06-2020 05:00:00,146.16,20800
丹江口水库(出库),汉江,27-06-2020 05:00:00,159.4,854
寸滩,长江,27-06-2020 06:00:00,166.02,14000
武隆,乌江,27-06-2020 06:00:00,177,3240
宜昌,长江,27-06-2020 06:00:00,46.02,22800
沙市,长江,27-06-2020 06:00:00,38.79,22300
汉口,长江,27-06-2020 06:00:00,24.05,40400
九江,长江,27-06-2020 06:00:00,17.52,42500
大通,长江,27-06-2020 06:00:00,11.96,45100
城陵矶(七),洞庭湖,27-06-2020 06:00:00,30.62,17100
湖口,鄱阳湖,27-06-2020 06:00:00,16.93,3530
三峡水库(出库),长江,27-06-2020 06:00:00,146.17,20800
丹江口水库(出库),汉江,27-06-2020 06:00:00,159.4,854
寸滩,长江,27-06-2020 07:00:00,166,14000
武隆,乌江,27-06-2020 07:00:00,176.5,3030
宜昌,长江,27-06-2020 07:00:00,46.01,22700
沙市,长江,27-06-2020 07:00:00,38.78,22300
汉口,长江,27-06-2020 07:00:00,24.06,40500
九江,长江,27-06-2020 07:00:00,17.53,42500
大通,长江,27-06-2020 07:00:00,11.97,45300
城陵矶(七),洞庭湖,27-06-2020 07:00:00,30.66,17100
湖口,鄱阳湖,27-06-2020 07:00:00,16.96,3560
三峡水库(出库),长江,27-06-2020 07:00:00,146.15,20800
丹江口水库(出库),汉江,27-06-2020 07:00:00,159.41,1150
寸滩,长江,27-06-2020 08:00:00,166.02,14000
武隆,乌江,27-06-2020 08:00:00,176.11,2870
宜昌,长江,27-06-2020 08:00:00,46.11,23000
沙市,长江,27-06-2020 08:00:00,38.69,21700
汉口,长江,27-06-2020 08:00:00,24.05,40400
九江,长江,27-06-2020 08:00:00,17.55,42600
大通,长江,27-06-2020 08:00:00,11.97,45300
城陵矶(七),洞庭湖,27-06-2020 08:00:00,30.6,17100
湖口,鄱阳湖,27-06-2020 08:00:00,16.96,3690
三峡水库,长江,27-06-2020 08:00:00,146.05,20000
三峡水库(出库),长江,27-06-2020 08:00:00,146.05,23400
丹江口水库,汉江,27-06-2020 08:00:00,159.42,2050
丹江口水库(出库),汉江,27-06-2020 08:00:00,159.42,1310
寸滩,长江,27-06-2020 09:00:00,166.02,14000
武隆,乌江,27-06-2020 09:00:00,175.72,2710
宜昌,长江,27-06-2020 09:00:00,46.34,23700
沙市,长江,27-06-2020 09:00:00,38.66,21600
汉口,长江,27-06-2020 09:00:00,24.06,40500
九江,长江,27-06-2020 09:00:00,17.55,42600
大通,长江,27-06-2020 09:00:00,11.98,45500
城陵矶(七),洞庭湖,27-06-2020 09:00:00,30.62,17100
湖口,鄱阳湖,27-06-2020 09:00:00,16.98,3620
三峡水库(出库),长江,27-06-2020 09:00:00,146.01,23600
丹江口水库(出库),汉江,27-06-2020 09:00:00,159.42,1310
宜昌,长江,27-06-2020 09:12:00,46.35,23600
湖口,鄱阳湖,27-06-2020 09:50:00,16.96,4230
寸滩,长江,27-06-2020 10:00:00,166.05,14100
武隆,乌江,27-06-2020 10:00:00,175.55,2640
宜昌,长江,27-06-2020 10:00:00,46.51,24200
沙市,长江,27-06-2020 10:00:00,38.62,21500
汉口,长江,27-06-2020 10:00:00,24.06,40500
九江,长江,27-06-2020 10:00:00,17.56,42600
大通,长江,27-06-2020 10:00:00,11.99,45600
城陵矶(七),洞庭湖,27-06-2020 10:00:00,30.61,17100
湖口,鄱阳湖,27-06-2020 10:00:00,16.98,4230
三峡水库(出库),长江,27-06-2020 10:00:00,145.93,23700
丹江口水库(出库),汉江,27-06-2020 10:00:00,159.42,1310
寸滩,长江,27-06-2020 11:00:00,166.12,14200
武隆,乌江,27-06-2020 11:00:00,175.85,2760
宜昌,长江,27-06-2020 11:00:00,46.68,24800
沙市,长江,27-06-2020 11:00:00,38.59,21400
汉口,长江,27-06-2020 11:00:00,24.08,40600
九江,长江,27-06-2020 11:00:00,17.57,42700
大通,长江,27-06-2020 11:00:00,11.99,45700
城陵矶(七),洞庭湖,27-06-2020 11:00:00,30.65,17100
湖口,鄱阳湖,27-06-2020 11:00:00,17.01,4270
三峡水库(出库),长江,27-06-2020 11:00:00,145.89,23600
丹江口水库(出库),汉江,27-06-2020 11:00:00,159.43,1310
寸滩,长江,27-06-2020 12:00:00,166.17,14300
武隆,乌江,27-06-2020 12:00:00,177,3240
宜昌,长江,27-06-2020 12:00:00,46.83,25300
沙市,长江,27-06-2020 12:00:00,38.59,21500
汉口,长江,27-06-2020 12:00:00,24.08,40600
九江,长江,27-06-2020 12:00:00,17.59,42800
大通,长江,27-06-2020 12:00:00,11.99,45600
城陵矶(七),洞庭湖,27-06-2020 12:00:00,30.62,17100
湖口,鄱阳湖,27-06-2020 12:00:00,17.01,4300
三峡水库(出库),长江,27-06-2020 12:00:00,145.97,21100
丹江口水库(出库),汉江,27-06-2020 12:00:00,159.43,1160
寸滩,长江,27-06-2020 13:00:00,166.3,14500
武隆,乌江,27-06-2020 13:00:00,177.99,3690
宜昌,长江,27-06-2020 13:00:00,46.63,24600
沙市,长江,27-06-2020 13:00:00,38.54,21200
汉口,长江,27-06-2020 13:00:00,24.08,40600
九江,长江,27-06-2020 13:00:00,17.6,42800
大通,长江,27-06-2020 13:00:00,11.99,45900
城陵矶(七),洞庭湖,27-06-2020 13:00:00,30.65,17100
湖口,鄱阳湖,27-06-2020 13:00:00,17.03,4340
三峡水库(出库),长江,27-06-2020 13:00:00,145.96,20800
丹江口水库(出库),汉江,27-06-2020 13:00:00,159.44,867
寸滩,长江,27-06-2020 14:00:00,166.47,14800
武隆,乌江,27-06-2020 14:00:00,179.06,4190
宜昌,长江,27-06-2020 14:00:00,46.45,24100
沙市,长江,27-06-2020 14:00:00,38.56,21400
汉口,长江,27-06-2020 14:00:00,24.09,40600
九江,长江,27-06-2020 14:00:00,17.62,42900
大通,长江,27-06-2020 14:00:00,11.99,45900
城陵矶(七),洞庭湖,27-06-2020 14:00:00,30.65,17100
湖口,鄱阳湖,27-06-2020 14:00:00,17.03,4370
三峡水库,长江,27-06-2020 14:00:00,145.99,20000
三峡水库(出库),长江,27-06-2020 14:00:00,145.99,20800
丹江口水库,汉江,27-06-2020 14:00:00,159.44,1930
丹江口水库(出库),汉江,27-06-2020 14:00:00,159.44,907
寸滩,长江,27-06-2020 15:00:00,166.7,15300
武隆,乌江,27-06-2020 15:00:00,180.24,4770
宜昌,长江,27-06-2020 15:00:00,46.4,23900
沙市,长江,27-06-2020 15:00:00,38.58,21700
汉口,长江,27-06-2020 15:00:00,24.09,40600
九江,长江,27-06-2020 15:00:00,17.61,42800
大通,长江,27-06-2020 15:00:00,11.99,45900
城陵矶(七),洞庭湖,27-06-2020 15:00:00,30.63,17100
湖口,鄱阳湖,27-06-2020 15:00:00,17.04,4390
三峡水库(出库),长江,27-06-2020 15:00:00,146.04,20900
丹江口水库(出库),汉江,27-06-2020 15:00:00,159.45,907
寸滩,长江,27-06-2020 16:00:00,166.94,15700
武隆,乌江,27-06-2020 16:00:00,181.4,5370
宜昌,长江,27-06-2020 16:00:00,46.41,23900
沙市,长江,27-06-2020 16:00:00,38.58,21600
汉口,长江,27-06-2020 16:00:00,24.09,40600
九江,长江,27-06-2020 16:00:00,17.64,43000
大通,长江,27-06-2020 16:00:00,12,45900
城陵矶(七),洞庭湖,27-06-2020 16:00:00,30.62,17100
湖口,鄱阳湖,27-06-2020 16:00:00,17.05,4410
三峡水库(出库),长江,27-06-2020 16:00:00,146.04,20900
丹江口水库(出库),汉江,27-06-2020 16:00:00,159.45,903
寸滩,长江,27-06-2020 17:00:00,167.22,16200
武隆,乌江,27-06-2020 17:00:00,182.44,5940
宜昌,长江,27-06-2020 17:00:00,46.42,24000
沙市,长江,27-06-2020 17:00:00,38.58,21700
汉口,长江,27-06-2020 17:00:00,24.11,40700
九江,长江,27-06-2020 17:00:00,17.65,43000
大通,长江,27-06-2020 17:00:00,12.02,45900
城陵矶(七),洞庭湖,27-06-2020 17:00:00,30.64,17100
湖口,鄱阳湖,27-06-2020 17:00:00,17.06,4430
三峡水库(出库),长江,27-06-2020 17:00:00,145.95,23600
丹江口水库(出库),汉江,27-06-2020 17:00:00,159.46,1040
寸滩,长江,27-06-2020 18:00:00,167.54,16900
武隆,乌江,27-06-2020 18:00:00,183.5,6530
沙市,长江,27-06-2020 18:00:00,38.57,21700
汉口,长江,27-06-2020 18:00:00,24.12,40800
九江,长江,27-06-2020 18:00:00,17.64,43000
大通,长江,27-06-2020 18:00:00,12.05,45400
城陵矶(七),洞庭湖,27-06-2020 18:00:00,30.67,17200
湖口,鄱阳湖,27-06-2020 18:00:00,17.07,4450
三峡水库(出库),长江,27-06-2020 18:00:00,145.95,23600
丹江口水库(出库),汉江,27-06-2020 18:00:00,159.46,1040
寸滩,长江,27-06-2020 19:00:00,167.85,17500
武隆,乌江,27-06-2020 19:00:00,184.09,6870
宜昌,长江,27-06-2020 19:00:00,46.88,25400
沙市,长江,27-06-2020 19:00:00,38.57,21600
汉口,长江,27-06-2020 19:00:00,24.12,40800
九江,长江,27-06-2020 19:00:00,17.65,43000
大通,长江,27-06-2020 19:00:00,12.06,45900
城陵矶(七),洞庭湖,27-06-2020 19:00:00,30.61,17100
湖口,鄱阳湖,27-06-2020 19:00:00,17.07,4470
三峡水库(出库),长江,27-06-2020 19:00:00,145.91,23700
寸滩,长江,27-06-2020 19:12:00,167.95,18900
丹江口水库(出库),汉江,27-06-2020 19:00:00,159.45,1340
武隆,乌江,27-06-2020 19:02:00,184.08,6850
寸滩,长江,27-06-2020 20:00:00,168.21,19200
武隆,乌江,27-06-2020 20:00:00,184.35,7030
宜昌,长江,27-06-2020 20:00:00,47.09,26100
沙市,长江,27-06-2020 20:00:00,38.59,21700
汉口,长江,27-06-2020 20:00:00,24.12,40800
九江,长江,27-06-2020 20:00:00,17.66,43000
大通,长江,27-06-2020 20:00:00,12.07,45800
城陵矶(七),洞庭湖,27-06-2020 20:00:00,30.63,17100
湖口,鄱阳湖,27-06-2020 20:00:00,17.09,4480
三峡水库,长江,27-06-2020 20:00:00,145.86,26000
三峡水库(出库),长江,27-06-2020 20:00:00,145.86,23800
丹江口水库,汉江,27-06-2020 20:00:00,159.47,2210
丹江口水库(出库),汉江,27-06-2020 20:00:00,159.47,1350
寸滩,长江,27-06-2020 21:00:00,168.54,19900
武隆,乌江,27-06-2020 21:00:00,185.28,7580
宜昌,长江,27-06-2020 21:00:00,47.12,26200
沙市,长江,27-06-2020 21:00:00,38.59,21700
汉口,长江,27-06-2020 21:00:00,24.12,40800
九江,长江,27-06-2020 21:00:00,17.68,43100
大通,长江,27-06-2020 21:00:00,12.09,45900
城陵矶(七),洞庭湖,27-06-2020 21:00:00,30.64,17100
湖口,鄱阳湖,27-06-2020 21:00:00,17.11,4490
三峡水库(出库),长江,27-06-2020 21:00:00,145.87,23700
丹江口水库(出库),汉江,27-06-2020 21:00:00,159.47,1280
寸滩,长江,27-06-2020 22:00:00,168.89,20700
武隆,乌江,27-06-2020 22:00:00,186.41,8290
宜昌,长江,27-06-2020 22:00:00,47.18,26400
沙市,长江,27-06-2020 22:00:00,38.58,21600
汉口,长江,27-06-2020 22:00:00,24.13,40800
九江,长江,27-06-2020 22:00:00,17.67,43100
大通,长江,27-06-2020 22:00:00,12.09,46100
城陵矶(七),洞庭湖,27-06-2020 22:00:00,30.67,17200
湖口,鄱阳湖,27-06-2020 22:00:00,17.1,4510
三峡水库(出库),长江,27-06-2020 22:00:00,145.93,21900
丹江口水库(出库),汉江,27-06-2020 22:00:00,159.49,1050
寸滩,长江,27-06-2020 23:00:00,169.21,21400
武隆,乌江,27-06-2020 23:00:00,186.76,8510
宜昌,长江,27-06-2020 23:00:00,47.05,26000
沙市,长江,27-06-2020 23:00:00,38.62,21900
汉口,长江,27-06-2020 23:00:00,24.12,40800
九江,长江,27-06-2020 23:00:00,17.69,43200
大通,长江,27-06-2020 23:00:00,12.11,46000
城陵矶(七),洞庭湖,27-06-2020 23:00:00,30.61,17100
湖口,鄱阳湖,27-06-2020 23:00:00,17.11,4520
三峡水库(出库),长江,27-06-2020 23:00:00,145.94,21900
丹江口水库(出库),汉江,27-06-2020 23:00:00,159.49,908
寸滩,长江,28-06-2020 00:00:00,169.5,22100
武隆,乌江,28-06-2020 00:00:00,186.67,8450
宜昌,长江,28-06-2020 00:00:00,46.92,25500
沙市,长江,28-06-2020 00:00:00,38.64,22000
汉口,长江,28-06-2020 00:00:00,24.14,40900
九江,长江,28-06-2020 00:00:00,17.69,43200
大通,长江,28-06-2020 00:00:00,12.11,46000
城陵矶(七),洞庭湖,28-06-2020 00:00:00,30.64,17100
湖口,鄱阳湖,28-06-2020 00:00:00,17.12,4540
三峡水库(出库),长江,28-06-2020 00:00:00,145.96,21800
丹江口水库(出库),汉江,28-06-2020 00:00:00,159.5,1140
寸滩,长江,28-06-2020 01:00:00,169.82,23000
武隆,乌江,28-06-2020 01:00:00,186.5,8340
宜昌,长江,28-06-2020 01:00:00,46.95,25600
沙市,长江,28-06-2020 01:00:00,38.68,22200
汉口,长江,28-06-2020 01:00:00,24.15,40900
九江,长江,28-06-2020 01:00:00,17.7,43200
大通,长江,28-06-2020 01:00:00,12.11,46200
城陵矶(七),洞庭湖,28-06-2020 01:00:00,30.67,17200
湖口,鄱阳湖,28-06-2020 01:00:00,17.13,4550
三峡水库(出库),长江,28-06-2020 01:00:00,146,21800
丹江口水库(出库),汉江,28-06-2020 01:00:00,159.51,1350
寸滩,长江,28-06-2020 02:00:00,170.09,23500
武隆,乌江,28-06-2020 02:00:00,186.98,8650
宜昌,长江,28-06-2020 02:00:00,46.9,25500
沙市,长江,28-06-2020 02:00:00,38.7,22300
汉口,长江,28-06-2020 02:00:00,24.15,40900
九江,长江,28-06-2020 02:00:00,17.71,43300
大通,长江,28-06-2020 02:00:00,12.11,46300
城陵矶(七),洞庭湖,28-06-2020 02:00:00,30.61,17100
湖口,鄱阳湖,28-06-2020 02:00:00,17.14,4570
三峡水库,长江,28-06-2020 02:00:00,146.04,33000
三峡水库(出库),长江,28-06-2020 02:00:00,146.04,21800
丹江口水库,汉江,28-06-2020 02:00:00,159.52,3080
丹江口水库(出库),汉江,28-06-2020 02:00:00,159.52,1350
寸滩,长江,28-06-2020 03:00:00,170.34,23800
武隆,乌江,28-06-2020 03:00:00,187.58,9040
宜昌,长江,28-06-2020 03:00:00,46.9,25500
沙市,长江,28-06-2020 03:00:00,38.73,22400
汉口,长江,28-06-2020 03:00:00,24.14,40900
九江,长江,28-06-2020 03:00:00,17.72,43300
大通,长江,28-06-2020 03:00:00,12.11,46500
城陵矶(七),洞庭湖,28-06-2020 03:00:00,30.64,17100
湖口,鄱阳湖,28-06-2020 03:00:00,17.15,4580
三峡水库(出库),长江,28-06-2020 03:00:00,146.13,21700
丹江口水库(出库),汉江,28-06-2020 03:00:00,159.54,1090
寸滩,长江,28-06-2020 04:00:00,170.55,24000
武隆,乌江,28-06-2020 04:00:00,188.18,9430
宜昌,长江,28-06-2020 04:00:00,46.75,25000
沙市,长江,28-06-2020 04:00:00,38.73,22300
汉口,长江,28-06-2020 04:00:00,24.16,41000
九江,长江,28-06-2020 04:00:00,17.73,43300
大通,长江,28-06-2020 04:00:00,12.11,46700
城陵矶(七),洞庭湖,28-06-2020 04:00:00,30.66,17100
湖口,鄱阳湖,28-06-2020 04:00:00,17.16,4600
三峡水库(出库),长江,28-06-2020 04:00:00,146.17,21700
丹江口水库(出库),汉江,28-06-2020 04:00:00,159.53,1090
寸滩,长江,28-06-2020 05:00:00,170.73,24200
武隆,乌江,28-06-2020 05:00:00,188.81,9850
宜昌,长江,28-06-2020 05:00:00,46.67,24700
沙市,长江,28-06-2020 05:00:00,38.77,22600
汉口,长江,28-06-2020 05:00:00,24.17,41000
九江,长江,28-06-2020 05:00:00,17.74,43400
大通,长江,28-06-2020 05:00:00,12.12,46400
城陵矶(七),洞庭湖,28-06-2020 05:00:00,30.64,17100
湖口,鄱阳湖,28-06-2020 05:00:00,17.17,4610
三峡水库(出库),长江,28-06-2020 05:00:00,146.22,21600
丹江口水库(出库),汉江,28-06-2020 05:00:00,159.54,1080
寸滩,长江,28-06-2020 06:00:00,170.8,24300
武隆,乌江,28-06-2020 06:00:00,189.29,10200
宜昌,长江,28-06-2020 06:00:00,46.63,24600
沙市,长江,28-06-2020 06:00:00,38.79,22800
汉口,长江,28-06-2020 06:00:00,24.17,41000
九江,长江,28-06-2020 06:00:00,17.74,43400
大通,长江,28-06-2020 06:00:00,12.13,46600
城陵矶(七),洞庭湖,28-06-2020 06:00:00,30.62,17100
湖口,鄱阳湖,28-06-2020 06:00:00,17.18,4630
三峡水库(出库),长江,28-06-2020 06:00:00,146.32,21600
丹江口水库(出库),汉江,28-06-2020 06:00:00,159.55,1090
寸滩,长江,28-06-2020 07:00:00,170.91,24400
武隆,乌江,28-06-2020 07:00:00,189.45,10300
宜昌,长江,28-06-2020 07:00:00,46.57,24400
沙市,长江,28-06-2020 07:00:00,38.79,22600
汉口,长江,28-06-2020 07:00:00,24.18,41100
九江,长江,28-06-2020 07:00:00,17.76,43500
大通,长江,28-06-2020 07:00:00,12.15,46600
城陵矶(七),洞庭湖,28-06-2020 07:00:00,30.64,17100
湖口,鄱阳湖,28-06-2020 07:00:00,17.19,4640
三峡水库(出库),长江,28-06-2020 07:00:00,146.37,22400
丹江口水库(出库),汉江,28-06-2020 07:00:00,159.56,1090
寸滩,长江,28-06-2020 08:00:00,170.98,24500
武隆,乌江,28-06-2020 08:00:00,189.54,10400
宜昌,长江,28-06-2020 08:00:00,46.7,24800
沙市,长江,28-06-2020 08:00:00,38.8,22700
汉口,长江,28-06-2020 08:00:00,24.19,41100
九江,长江,28-06-2020 08:00:00,17.77,43400
大通,长江,28-06-2020 08:00:00,12.17,46500
城陵矶(七),洞庭湖,28-06-2020 08:00:00,30.66,17100
湖口,鄱阳湖,28-06-2020 08:00:00,17.2,4660
丹江口水库,汉江,28-06-2020 08:00:00,159.57,3010
丹江口水库(出库),汉江,28-06-2020 08:00:00,159.57,1350
三峡水库,长江,28-06-2020 08:00:00,146.32,37000
三峡水库(出库),长江,28-06-2020 08:00:00,146.32,26100
武隆,乌江,28-06-2020 08:10:00,189.52,9920
寸滩,长江,28-06-2020 09:00:00,171.04,25400
武隆,乌江,28-06-2020 09:00:00,189.47,10000
宜昌,长江,28-06-2020 09:00:00,47.02,25900
沙市,长江,28-06-2020 09:00:00,38.8,22700
汉口,长江,28-06-2020 09:00:00,24.19,41100
九江,长江,28-06-2020 09:00:00,17.78,42400
大通,长江,28-06-2020 09:00:00,12.18,46700
城陵矶(七),洞庭湖,28-06-2020 09:00:00,30.61,17100
湖口,鄱阳湖,28-06-2020 09:00:00,17.2,4670
三峡水库(出库),长江,28-06-2020 09:00:00,146.31,26300
丹江口水库(出库),汉江,28-06-2020 09:00:00,159.57,1340
寸滩,长江,28-06-2020 10:00:00,171.14,25500
武隆,乌江,28-06-2020 10:00:00,189.74,9900
宜昌,长江,28-06-2020 10:00:00,47.2,26500
汉口,长江,28-06-2020 10:00:00,24.2,41200
九江,长江,28-06-2020 10:00:00,17.78,42400
大通,长江,28-06-2020 10:00:00,12.2,46500
城陵矶(七),洞庭湖,28-06-2020 10:00:00,30.65,17100
湖口,鄱阳湖,28-06-2020 10:00:00,17.21,4690
三峡水库(出库),长江,28-06-2020 10:00:00,146.31,26400
沙市,长江,28-06-2020 10:00:00,38.81,22700
丹江口水库(出库),汉江,28-06-2020 10:00:00,159.57,1340
寸滩,长江,28-06-2020 11:00:00,171.19,25600
武隆,乌江,28-06-2020 11:00:00,189.95,10700
宜昌,长江,28-06-2020 11:00:00,47.47,27400
沙市,长江,28-06-2020 11:00:00,38.8,22600
汉口,长江,28-06-2020 11:00:00,24.21,41200
九江,长江,28-06-2020 11:00:00,17.8,42400
大通,长江,28-06-2020 11:00:00,12.21,46600
城陵矶(七),洞庭湖,28-06-2020 11:00:00,30.66,17100
湖口,鄱阳湖,28-06-2020 11:00:00,17.22,4700
三峡水库(出库),长江,28-06-2020 11:00:00,146.36,26400
丹江口水库(出库),汉江,28-06-2020 11:00:00,159.58,1350
寸滩,长江,28-06-2020 12:00:00,171.24,25700
武隆,乌江,28-06-2020 12:00:00,190.12,10800
宜昌,长江,28-06-2020 12:00:00,47.46,27400
沙市,长江,28-06-2020 12:00:00,38.81,22700
汉口,长江,28-06-2020 12:00:00,24.22,41300
九江,长江,28-06-2020 12:00:00,17.81,42400
大通,长江,28-06-2020 12:00:00,12.21,46600
城陵矶(七),洞庭湖,28-06-2020 12:00:00,30.63,17100
湖口,鄱阳湖,28-06-2020 12:00:00,17.23,4720
三峡水库(出库),长江,28-06-2020 12:00:00,146.5,23500
丹江口水库(出库),汉江,28-06-2020 12:00:00,159.58,1350
寸滩,长江,28-06-2020 13:00:00,171.34,25800
武隆,乌江,28-06-2020 13:00:00,190.18,10800
宜昌,长江,28-06-2020 13:00:00,47.29,26800
沙市,长江,28-06-2020 13:00:00,38.87,23200
汉口,长江,28-06-2020 13:00:00,24.22,41300
九江,长江,28-06-2020 13:00:00,17.81,42400
大通,长江,28-06-2020 13:00:00,12.22,46900
城陵矶(七),洞庭湖,28-06-2020 13:00:00,30.63,17100
湖口,鄱阳湖,28-06-2020 13:00:00,17.25,4730
三峡水库(出库),长江,28-06-2020 13:00:00,146.6,23300
丹江口水库(出库),汉江,28-06-2020 13:00:00,159.59,1340
寸滩,长江,28-06-2020 14:00:00,171.43,26000
武隆,乌江,28-06-2020 14:00:00,190.23,10900
宜昌,长江,28-06-2020 14:00:00,47.21,26500
沙市,长江,28-06-2020 14:00:00,38.9,23600
汉口,长江,28-06-2020 14:00:00,24.25,41400
九江,长江,28-06-2020 14:00:00,17.82,42500
大通,长江,28-06-2020 14:00:00,12.22,46900
城陵矶(七),洞庭湖,28-06-2020 14:00:00,30.65,17100
湖口,鄱阳湖,28-06-2020 14:00:00,17.25,4770
三峡水库,长江,28-06-2020 14:00:00,146.73,40000
三峡水库(出库),长江,28-06-2020 14:00:00,146.73,23300
丹江口水库,汉江,28-06-2020 14:00:00,159.59,2100
丹江口水库(出库),汉江,28-06-2020 14:00:00,159.59,1350
寸滩,长江,28-06-2020 15:00:00,171.48,26100
武隆,乌江,28-06-2020 15:00:00,190.28,10900
宜昌,长江,28-06-2020 15:00:00,47.19,26400
沙市,长江,28-06-2020 15:00:00,38.98,23800
汉口,长江,28-06-2020 15:00:00,24.25,41400
九江,长江,28-06-2020 15:00:00,17.82,42500
大通,长江,28-06-2020 15:00:00,12.24,47000
城陵矶(七),洞庭湖,28-06-2020 15:00:00,30.68,17200
湖口,鄱阳湖,28-06-2020 15:00:00,17.26,4790
三峡水库(出库),长江,28-06-2020 15:00:00,146.85,23200
丹江口水库(出库),汉江,28-06-2020 15:00:00,159.59,1350
寸滩,长江,28-06-2020 16:00:00,171.55,26200
武隆,乌江,28-06-2020 16:00:00,190.39,11000
宜昌,长江,28-06-2020 16:00:00,47.17,26400
沙市,长江,28-06-2020 16:00:00,39,23900
汉口,长江,28-06-2020 16:00:00,24.24,41300
九江,长江,28-06-2020 16:00:00,17.84,42600
大通,长江,28-06-2020 16:00:00,12.25,46900
城陵矶(七),洞庭湖,28-06-2020 16:00:00,30.62,17100
湖口,鄱阳湖,28-06-2020 16:00:00,17.26,4810
三峡水库(出库),长江,28-06-2020 16:00:00,146.84,25800
丹江口水库(出库),汉江,28-06-2020 16:00:00,159.6,1360
寸滩,长江,28-06-2020 17:00:00,171.58,26200
武隆,乌江,28-06-2020 17:00:00,190.31,10900
宜昌,长江,28-06-2020 17:00:00,47.43,27300
沙市,长江,28-06-2020 17:00:00,39.05,24200
汉口,长江,28-06-2020 17:00:00,24.27,41500
九江,长江,28-06-2020 17:00:00,17.85,42600
大通,长江,28-06-2020 17:00:00,12.27,46700
城陵矶(七),洞庭湖,28-06-2020 17:00:00,30.64,17100
湖口,鄱阳湖,28-06-2020 17:00:00,17.27,4840
三峡水库(出库),长江,28-06-2020 17:00:00,146.83,29700
丹江口水库(出库),汉江,28-06-2020 17:00:00,159.6,1380
宜昌,长江,28-06-2020 17:32:00,47.7,28700
寸滩,长江,28-06-2020 18:00:00,171.61,26300
武隆,乌江,28-06-2020 18:00:00,190.25,10900
宜昌,长江,28-06-2020 18:00:00,48,29200
沙市,长江,28-06-2020 18:00:00,39.09,24400
汉口,长江,28-06-2020 18:00:00,24.27,41500
九江,长江,28-06-2020 18:00:00,17.85,42600
大通,长江,28-06-2020 18:00:00,12.29,47000
城陵矶(七),洞庭湖,28-06-2020 18:00:00,30.63,17100
湖口,鄱阳湖,28-06-2020 18:00:00,17.27,4860
三峡水库(出库),长江,28-06-2020 18:00:00,146.81,30500
丹江口水库(出库),汉江,28-06-2020 18:00:00,159.6,1380
寸滩,长江,28-06-2020 19:00:00,171.64,26300
武隆,乌江,28-06-2020 19:00:00,190.2,10800
宜昌,长江,28-06-2020 19:00:00,48.32,30300
沙市,长江,28-06-2020 19:00:00,39.14,24600
汉口,长江,28-06-2020 19:00:00,24.28,41500
九江,长江,28-06-2020 19:00:00,17.86,42600
大通,长江,28-06-2020 19:00:00,12.31,46800
城陵矶(七),洞庭湖,28-06-2020 19:00:00,30.68,17200
湖口,鄱阳湖,28-06-2020 19:00:00,17.28,4880
三峡水库(出库),长江,28-06-2020 19:00:00,146.77,30300
丹江口水库(出库),汉江,28-06-2020 19:00:00,159.61,1380
宜昌,长江,28-06-2020 19:15:00,48.38,31800
寸滩,长江,28-06-2020 20:00:00,171.66,26400
武隆,乌江,28-06-2020 20:00:00,190.23,10900
宜昌,长江,28-06-2020 20:00:00,48.45,32100
沙市,长江,28-06-2020 20:00:00,39.18,24800
汉口,长江,28-06-2020 20:00:00,24.3,41600
九江,长江,28-06-2020 20:00:00,17.86,42600
大通,长江,28-06-2020 20:00:00,12.33,46700
城陵矶(七),洞庭湖,28-06-2020 20:00:00,30.68,17200
湖口,鄱阳湖,28-06-2020 20:00:00,17.28,4900
三峡水库,长江,28-06-2020 20:00:00,146.81,40000
三峡水库(出库),长江,28-06-2020 20:00:00,146.81,30200
丹江口水库,汉江,28-06-2020 20:00:00,159.62,2480
丹江口水库(出库),汉江,28-06-2020 20:00:00,159.62,1380
寸滩,长江,28-06-2020 21:00:00,171.63,26300
武隆,乌江,28-06-2020 21:00:00,190.12,10800
宜昌,长江,28-06-2020 21:00:00,48.5,32300
沙市,长江,28-06-2020 21:00:00,39.26,25300
汉口,长江,28-06-2020 21:00:00,24.31,41700
九江,长江,28-06-2020 21:00:00,17.86,42600
大通,长江,28-06-2020 21:00:00,12.34,46900
城陵矶(七),洞庭湖,28-06-2020 21:00:00,30.66,17100
湖口,鄱阳湖,28-06-2020 21:00:00,17.29,4920
三峡水库(出库),长江,28-06-2020 21:00:00,146.86,30200
丹江口水库(出库),汉江,28-06-2020 21:00:00,159.62,1370
寸滩,长江,28-06-2020 22:00:00,171.62,26000
武隆,乌江,28-06-2020 22:00:00,189.75,10500
宜昌,长江,28-06-2020 22:00:00,48.55,32500
沙市,长江,28-06-2020 22:00:00,39.35,25900
汉口,长江,28-06-2020 22:00:00,24.31,41700
九江,长江,28-06-2020 22:00:00,17.87,42600
大通,长江,28-06-2020 22:00:00,12.37,46800
城陵矶(七),洞庭湖,28-06-2020 22:00:00,30.66,17100
湖口,鄱阳湖,28-06-2020 22:00:00,17.3,4940
三峡水库(出库),长江,28-06-2020 22:00:00,146.88,30300
丹江口水库(出库),汉江,28-06-2020 22:00:00,159.62,1370
寸滩,长江,28-06-2020 23:00:00,171.56,25800
武隆,乌江,28-06-2020 23:00:00,189.36,10200
宜昌,长江,28-06-2020 23:00:00,48.62,32800
沙市,长江,28-06-2020 23:00:00,39.44,26400
汉口,长江,28-06-2020 23:00:00,24.32,41700
九江,长江,28-06-2020 23:00:00,17.88,42700
大通,长江,28-06-2020 23:00:00,12.37,47100
城陵矶(七),洞庭湖,28-06-2020 23:00:00,30.67,17200
湖口,鄱阳湖,28-06-2020 23:00:00,17.3,4970
三峡水库(出库),长江,28-06-2020 23:00:00,146.96,30200
丹江口水库(出库),汉江,28-06-2020 23:00:00,159.63,1370
寸滩,长江,29-06-2020 00:00:00,171.54,25800
武隆,乌江,29-06-2020 00:00:00,188.81,9850
宜昌,长江,29-06-2020 00:00:00,48.81,33500
沙市,长江,29-06-2020 00:00:00,39.53,26900
汉口,长江,29-06-2020 00:00:00,24.33,41800
九江,长江,29-06-2020 00:00:00,17.89,43000
大通,长江,29-06-2020 00:00:00,12.37,47300
城陵矶(七),洞庭湖,29-06-2020 00:00:00,30.7,17200
湖口,鄱阳湖,29-06-2020 00:00:00,17.33,4990
三峡水库(出库),长江,29-06-2020 00:00:00,147.01,30200
丹江口水库(出库),汉江,29-06-2020 00:00:00,159.63,1370
武隆,乌江,29-06-2020 00:32:00,188.65,9400
寸滩,长江,29-06-2020 01:00:00,171.52,25700
武隆,乌江,29-06-2020 01:00:00,188.5,9640
宜昌,长江,29-06-2020 01:00:00,48.88,33700
沙市,长江,29-06-2020 01:00:00,39.64,27300
汉口,长江,29-06-2020 01:00:00,24.35,41900
九江,长江,29-06-2020 01:00:00,17.89,43000
大通,长江,29-06-2020 01:00:00,12.38,47000
城陵矶(七),洞庭湖,29-06-2020 01:00:00,30.68,17200
湖口,鄱阳湖,29-06-2020 01:00:00,17.33,5010
三峡水库(出库),长江,29-06-2020 01:00:00,147.05,31000
丹江口水库(出库),汉江,29-06-2020 01:00:00,159.63,1460
寸滩,长江,29-06-2020 02:00:00,171.46,25600
武隆,乌江,29-06-2020 02:00:00,188.05,8730
宜昌,长江,29-06-2020 02:00:00,48.95,34000
沙市,长江,29-06-2020 02:00:00,39.72,27600
汉口,长江,29-06-2020 02:00:00,24.36,41900
九江,长江,29-06-2020 02:00:00,17.92,43100
大通,长江,29-06-2020 02:00:00,12.39,47000
城陵矶(七),洞庭湖,29-06-2020 02:00:00,30.65,17100
湖口,鄱阳湖,29-06-2020 02:00:00,17.33,5030
三峡水库,长江,29-06-2020 02:00:00,147.11,40000
三峡水库(出库),长江,29-06-2020 02:00:00,147.11,31000
丹江口水库,汉江,29-06-2020 02:00:00,159.63,1730
丹江口水库(出库),汉江,29-06-2020 02:00:00,159.63,1090
寸滩,长江,29-06-2020 03:00:00,171.4,25500
武隆,乌江,29-06-2020 03:00:00,187.86,8610
宜昌,长江,29-06-2020 03:00:00,49.03,34300
沙市,长江,29-06-2020 03:00:00,39.83,28100
汉口,长江,29-06-2020 03:00:00,24.38,42000
九江,长江,29-06-2020 03:00:00,17.92,43100
大通,长江,29-06-2020 03:00:00,12.38,47300
城陵矶(七),洞庭湖,29-06-2020 03:00:00,30.64,17100
湖口,鄱阳湖,29-06-2020 03:00:00,17.35,5050
三峡水库(出库),长江,29-06-2020 03:00:00,147.22,30900
丹江口水库(出库),汉江,29-06-2020 03:00:00,159.63,988
寸滩,长江,29-06-2020 04:00:00,171.36,25400
武隆,乌江,29-06-2020 04:00:00,187.73,8540
宜昌,长江,29-06-2020 04:00:00,49.13,34600
沙市,长江,29-06-2020 04:00:00,39.92,28500
汉口,长江,29-06-2020 04:00:00,24.39,42100
九江,长江,29-06-2020 04:00:00,17.93,43200
大通,长江,29-06-2020 04:00:00,12.39,47000
城陵矶(七),洞庭湖,29-06-2020 04:00:00,30.71,17200
湖口,鄱阳湖,29-06-2020 04:00:00,17.36,5080
三峡水库(出库),长江,29-06-2020 04:00:00,147.27,31200
丹江口水库(出库),汉江,29-06-2020 04:00:00,159.64,947
寸滩,长江,29-06-2020 05:00:00,171.27,25100
武隆,乌江,29-06-2020 05:00:00,187.63,8470
宜昌,长江,29-06-2020 05:00:00,49.18,34800
沙市,长江,29-06-2020 05:00:00,40,28700
汉口,长江,29-06-2020 05:00:00,24.41,42200
九江,长江,29-06-2020 05:00:00,17.94,43200
大通,长江,29-06-2020 05:00:00,12.39,47400
城陵矶(七),洞庭湖,29-06-2020 05:00:00,30.7,17200
湖口,鄱阳湖,29-06-2020 05:00:00,17.38,5100
三峡水库(出库),长江,29-06-2020 05:00:00,147.34,31100
丹江口水库(出库),汉江,29-06-2020 05:00:00,159.64,949
寸滩,长江,29-06-2020 06:00:00,171.21,25000
武隆,乌江,29-06-2020 06:00:00,187.56,8430
宜昌,长江,29-06-2020 06:00:00,49.18,34800
沙市,长江,29-06-2020 06:00:00,40.08,29100
汉口,长江,29-06-2020 06:00:00,24.44,42300
九江,长江,29-06-2020 06:00:00,17.94,43200
大通,长江,29-06-2020 06:00:00,12.4,47300
城陵矶(七),洞庭湖,29-06-2020 06:00:00,30.71,17200
湖口,鄱阳湖,29-06-2020 06:00:00,17.38,5120
三峡水库(出库),长江,29-06-2020 06:00:00,147.44,30700
丹江口水库(出库),汉江,29-06-2020 06:00:00,159.64,945
寸滩,长江,29-06-2020 07:00:00,171.04,24600
武隆,乌江,29-06-2020 07:00:00,187.39,8330
宜昌,长江,29-06-2020 07:00:00,49.28,35100
沙市,长江,29-06-2020 07:00:00,40.15,29400
汉口,长江,29-06-2020 07:00:00,24.46,42400
九江,长江,29-06-2020 07:00:00,17.96,43300
大通,长江,29-06-2020 07:00:00,12.41,47300
城陵矶(七),洞庭湖,29-06-2020 07:00:00,30.75,17200
湖口,鄱阳湖,29-06-2020 07:00:00,17.38,5140
三峡水库(出库),长江,29-06-2020 07:00:00,147.51,30600
丹江口水库(出库),汉江,29-06-2020 07:00:00,159.65,948
寸滩,长江,29-06-2020 08:00:00,170.93,24300
武隆,乌江,29-06-2020 08:00:00,187.35,8300
宜昌,长江,29-06-2020 08:00:00,49.32,35200
沙市,长江,29-06-2020 08:00:00,40.24,30000
汉口,长江,29-06-2020 08:00:00,24.48,42500
九江,长江,29-06-2020 08:00:00,17.95,43300
大通,长江,29-06-2020 08:00:00,12.42,47400
城陵矶(七),洞庭湖,29-06-2020 08:00:00,30.75,16700
湖口,鄱阳湖,29-06-2020 08:00:00,17.4,5160
三峡水库,长江,29-06-2020 08:00:00,147.44,39000
三峡水库(出库),长江,29-06-2020 08:00:00,147.44,34400
丹江口水库,汉江,29-06-2020 08:00:00,159.65,1760
丹江口水库(出库),汉江,29-06-2020 08:00:00,159.65,1300
寸滩,长江,29-06-2020 09:00:00,170.83,24100
武隆,乌江,29-06-2020 09:00:00,186.92,8040
宜昌,长江,29-06-2020 09:00:00,49.75,36600
沙市,长江,29-06-2020 09:00:00,40.3,30100
汉口,长江,29-06-2020 09:00:00,24.51,42700
九江,长江,29-06-2020 09:00:00,17.98,43400
大通,长江,29-06-2020 09:00:00,12.44,47100
城陵矶(七),洞庭湖,29-06-2020 09:00:00,30.77,16600
湖口,鄱阳湖,29-06-2020 09:00:00,17.4,5190
三峡水库(出库),长江,29-06-2020 09:00:00,147.45,34400
丹江口水库(出库),汉江,29-06-2020 09:00:00,159.66,1370
寸滩,长江,29-06-2020 10:00:00,170.77,24000
武隆,乌江,29-06-2020 10:00:00,185.92,7430
宜昌,长江,29-06-2020 10:00:00,49.95,36900
沙市,长江,29-06-2020 10:00:00,40.37,30400
汉口,长江,29-06-2020 10:00:00,24.53,42800
九江,长江,29-06-2020 10:00:00,17.99,43500
大通,长江,29-06-2020 10:00:00,12.45,47500
城陵矶(七),洞庭湖,29-06-2020 10:00:00,30.71,16800
湖口,鄱阳湖,29-06-2020 10:00:00,17.4,5210
三峡水库(出库),长江,29-06-2020 10:00:00,147.43,34300
丹江口水库(出库),汉江,29-06-2020 10:00:00,159.66,1380
寸滩,长江,29-06-2020 11:00:00,170.69,23800
武隆,乌江,29-06-2020 11:00:00,184.61,6650
宜昌,长江,29-06-2020 11:00:00,49.86,36600
沙市,长江,29-06-2020 11:00:00,40.42,30500
汉口,长江,29-06-2020 11:00:00,24.56,42900
九江,长江,29-06-2020 11:00:00,18,43500
大通,长江,29-06-2020 11:00:00,12.47,47300
城陵矶(七),洞庭湖,29-06-2020 11:00:00,30.76,16600
湖口,鄱阳湖,29-06-2020 11:00:00,17.41,5230
三峡水库(出库),长江,29-06-2020 11:00:00,147.44,34300
丹江口水库(出库),汉江,29-06-2020 11:00:00,159.66,1600
寸滩,长江,29-06-2020 12:00:00,170.66,23700
武隆,乌江,29-06-2020 12:00:00,183.75,6170
宜昌,长江,29-06-2020 12:00:00,49.92,36800
沙市,长江,29-06-2020 12:00:00,40.49,30800
汉口,长江,29-06-2020 12:00:00,24.58,43000
九江,长江,29-06-2020 12:00:00,18.02,43700
大通,长江,29-06-2020 12:00:00,12.48,47200
城陵矶(七),洞庭湖,29-06-2020 12:00:00,30.79,15000
湖口,鄱阳湖,29-06-2020 12:00:00,17.43,5250
三峡水库(出库),长江,29-06-2020 12:00:00,147.45,34300
丹江口水库(出库),汉江,29-06-2020 12:00:00,159.66,1620
寸滩,长江,29-06-2020 13:00:00,170.59,22900
武隆,乌江,29-06-2020 13:00:00,183.23,5890
宜昌,长江,29-06-2020 13:00:00,49.98,36900
沙市,长江,29-06-2020 13:00:00,40.57,31400
汉口,长江,29-06-2020 13:00:00,24.61,43200
九江,长江,29-06-2020 13:00:00,18.02,43700
大通,长江,29-06-2020 13:00:00,12.49,47300
城陵矶(七),洞庭湖,29-06-2020 13:00:00,30.81,15000
湖口,鄱阳湖,29-06-2020 13:00:00,17.45,5270
三峡水库(出库),长江,29-06-2020 13:00:00,147.44,34400
丹江口水库(出库),汉江,29-06-2020 13:00:00,159.67,1640
寸滩,长江,29-06-2020 14:00:00,170.49,22400
武隆,乌江,29-06-2020 14:00:00,182.73,5630
宜昌,长江,29-06-2020 14:00:00,50.09,37300
沙市,长江,29-06-2020 14:00:00,40.64,31700
汉口,长江,29-06-2020 14:00:00,24.64,43300
九江,长江,29-06-2020 14:00:00,18.03,43700
大通,长江,29-06-2020 14:00:00,12.49,47800
城陵矶(七),洞庭湖,29-06-2020 14:00:00,30.87,15000
湖口,鄱阳湖,29-06-2020 14:00:00,17.45,5290
三峡水库,长江,29-06-2020 14:00:00,147.47,37000
三峡水库(出库),长江,29-06-2020 14:00:00,147.47,34400
丹江口水库,汉江,29-06-2020 14:00:00,159.67,2270
丹江口水库(出库),汉江,29-06-2020 14:00:00,159.67,1560
宜昌,长江,29-06-2020 14:36:00,50.14,33500
寸滩,长江,29-06-2020 15:00:00,170.42,22200
武隆,乌江,29-06-2020 15:00:00,182.03,5280
宜昌,长江,29-06-2020 15:00:00,50.18,37500
沙市,长江,29-06-2020 15:00:00,40.69,31800
汉口,长江,29-06-2020 15:00:00,24.66,43400
九江,长江,29-06-2020 15:00:00,18.05,43700
大通,长江,29-06-2020 15:00:00,12.51,47900
城陵矶(七),洞庭湖,29-06-2020 15:00:00,30.79,15000
湖口,鄱阳湖,29-06-2020 15:00:00,17.45,5320
三峡水库(出库),长江,29-06-2020 15:00:00,147.48,34300
丹江口水库(出库),汉江,29-06-2020 15:00:00,159.67,1520
寸滩,长江,29-06-2020 16:00:00,170.33,22000
武隆,乌江,29-06-2020 16:00:00,181.64,5090
宜昌,长江,29-06-2020 16:00:00,50.15,37500
沙市,长江,29-06-2020 16:00:00,40.73,31900
汉口,长江,29-06-2020 16:00:00,24.69,43500
九江,长江,29-06-2020 16:00:00,18.05,43700
大通,长江,29-06-2020 16:00:00,12.52,47800
城陵矶(七),洞庭湖,29-06-2020 16:00:00,30.82,15000
湖口,鄱阳湖,29-06-2020 16:00:00,17.45,5340
三峡水库(出库),长江,29-06-2020 16:00:00,147.53,34200
丹江口水库(出库),汉江,29-06-2020 16:00:00,159.68,1610
寸滩,长江,29-06-2020 17:00:00,170.25,21800
武隆,乌江,29-06-2020 17:00:00,181.17,4870
宜昌,长江,29-06-2020 17:00:00,50.1,37300
沙市,长江,29-06-2020 17:00:00,40.78,32200
汉口,长江,29-06-2020 17:00:00,24.72,43700
九江,长江,29-06-2020 17:00:00,18.05,43700
大通,长江,29-06-2020 17:00:00,12.52,48200
城陵矶(七),洞庭湖,29-06-2020 17:00:00,30.85,15000
湖口,鄱阳湖,29-06-2020 17:00:00,17.46,5360
三峡水库(出库),长江,29-06-2020 17:00:00,147.57,34200
丹江口水库(出库),汉江,29-06-2020 17:00:00,159.68,1610
寸滩,长江,29-06-2020 18:00:00,170.14,21500
武隆,乌江,29-06-2020 18:00:00,180.48,4560
宜昌,长江,29-06-2020 18:00:00,50.17,37500
沙市,长江,29-06-2020 18:00:00,40.8,32200
汉口,长江,29-06-2020 18:00:00,24.75,43800
城陵矶(七),洞庭湖,29-06-2020 18:00:00,30.9,15000
三峡水库(出库),长江,29-06-2020 18:00:00,147.58,34100
丹江口水库(出库),汉江,29-06-2020 18:00:00,159.68,1620
寸滩,长江,29-06-2020 19:00:00,170.07,21300
武隆,乌江,29-06-2020 19:00:00,180.26,4460
宜昌,长江,29-06-2020 19:00:00,50.07,37200
沙市,长江,29-06-2020 19:00:00,40.84,32200
汉口,长江,29-06-2020 19:00:00,24.76,43900
九江,长江,29-06-2020 19:00:00,18.06,43700
大通,长江,29-06-2020 19:00:00,12.55,48300
城陵矶(七),洞庭湖,29-06-2020 19:00:00,30.93,14900
湖口,鄱阳湖,29-06-2020 18:00:00,17.47,5380
三峡水库(出库),长江,29-06-2020 19:00:00,147.6,34100
丹江口水库(出库),汉江,29-06-2020 19:00:00,159.68,1630
寸滩,长江,29-06-2020 20:00:00,170,21100
武隆,乌江,29-06-2020 20:00:00,180.1,4390
宜昌,长江,29-06-2020 20:00:00,50.12,37400
沙市,长江,29-06-2020 20:00:00,40.88,32400
汉口,长江,29-06-2020 20:00:00,24.79,44000
九江,长江,29-06-2020 20:00:00,18.1,43900
大通,长江,29-06-2020 20:00:00,12.57,48000
城陵矶(七),洞庭湖,29-06-2020 20:00:00,30.86,15000
湖口,鄱阳湖,29-06-2020 20:00:00,17.49,5430
三峡水库,长江,29-06-2020 20:00:00,147.6,33000
三峡水库(出库),长江,29-06-2020 20:00:00,147.6,34000
丹江口水库,汉江,29-06-2020 20:00:00,159.68,1890
丹江口水库(出库),汉江,29-06-2020 20:00:00,159.68,1610
寸滩,长江,29-06-2020 21:00:00,169.9,20900
武隆,乌江,29-06-2020 21:00:00,179.98,4330
宜昌,长江,29-06-2020 21:00:00,49.98,36900
沙市,长江,29-06-2020 21:00:00,40.89,32400
九江,长江,29-06-2020 21:00:00,18.08,43800
大通,长江,29-06-2020 21:00:00,12.59,48000
城陵矶(七),洞庭湖,29-06-2020 21:00:00,30.91,15000
湖口,鄱阳湖,29-06-2020 21:00:00,17.5,5450
三峡水库(出库),长江,29-06-2020 21:00:00,147.63,34000
丹江口水库(出库),汉江,29-06-2020 21:00:00,159.68,1620
寸滩,长江,29-06-2020 22:00:00,169.88,20800
武隆,乌江,29-06-2020 22:00:00,179.95,4320
宜昌,长江,29-06-2020 22:00:00,49.98,36900
沙市,长江,29-06-2020 22:00:00,40.92,32400
汉口,长江,29-06-2020 22:00:00,24.84,44300
九江,长江,29-06-2020 22:00:00,18.1,43900
大通,长江,29-06-2020 22:00:00,12.6,48200
城陵矶(七),洞庭湖,29-06-2020 22:00:00,30.92,14900
湖口,鄱阳湖,29-06-2020 22:00:00,17.5,5470
三峡水库(出库),长江,29-06-2020 22:00:00,147.66,34000
丹江口水库(出库),汉江,29-06-2020 22:00:00,159.69,1600
寸滩,长江,29-06-2020 23:00:00,169.8,20700
武隆,乌江,29-06-2020 23:00:00,179.95,4320
宜昌,长江,29-06-2020 23:00:00,50.07,37200
沙市,长江,29-06-2020 23:00:00,40.93,32400
汉口,长江,29-06-2020 23:00:00,24.86,44400
九江,长江,29-06-2020 23:00:00,18.11,44000
大通,长江,29-06-2020 23:00:00,12.61,47700
城陵矶(七),洞庭湖,29-06-2020 23:00:00,30.95,14900
湖口,鄱阳湖,29-06-2020 23:00:00,17.51,5490
三峡水库(出库),长江,29-06-2020 23:00:00,147.65,34200
丹江口水库(出库),汉江,29-06-2020 23:00:00,159.69,1610
寸滩,长江,30-06-2020 00:00:00,169.78,20600
武隆,乌江,30-06-2020 00:00:00,179.89,4290
宜昌,长江,30-06-2020 00:00:00,50.1,37300
沙市,长江,30-06-2020 00:00:00,40.95,32300
汉口,长江,30-06-2020 00:00:00,24.89,44500
九江,长江,30-06-2020 00:00:00,18.12,44000
大通,长江,30-06-2020 00:00:00,12.61,48400
城陵矶(七),洞庭湖,30-06-2020 00:00:00,30.94,14900
湖口,鄱阳湖,30-06-2020 00:00:00,17.51,5510
三峡水库(出库),长江,30-06-2020 00:00:00,147.68,34200
丹江口水库(出库),汉江,30-06-2020 00:00:00,159.7,1340
寸滩,长江,30-06-2020 01:00:00,169.72,20500
武隆,乌江,30-06-2020 01:00:00,179.61,4160
宜昌,长江,30-06-2020 01:00:00,50.07,37200
沙市,长江,30-06-2020 01:00:00,40.94,32200
汉口,长江,30-06-2020 01:00:00,24.9,44600
九江,长江,30-06-2020 01:00:00,18.13,44100
大通,长江,30-06-2020 01:00:00,12.62,48300
城陵矶(七),洞庭湖,30-06-2020 01:00:00,30.94,14900
湖口,鄱阳湖,30-06-2020 01:00:00,17.53,5540
三峡水库(出库),长江,30-06-2020 01:00:00,147.64,35100
丹江口水库(出库),汉江,30-06-2020 01:00:00,159.7,1350
寸滩,长江,30-06-2020 02:00:00,169.69,20400
武隆,乌江,30-06-2020 02:00:00,179.52,4120
宜昌,长江,30-06-2020 02:00:00,50.1,37300
沙市,长江,30-06-2020 02:00:00,40.94,32200
汉口,长江,30-06-2020 02:00:00,24.92,44700
九江,长江,30-06-2020 02:00:00,18.13,44100
大通,长江,30-06-2020 02:00:00,12.63,48200
城陵矶(七),洞庭湖,30-06-2020 02:00:00,31.01,14900
湖口,鄱阳湖,30-06-2020 02:00:00,17.55,5560
三峡水库,长江,30-06-2020 02:00:00,147.62,32000
三峡水库(出库),长江,30-06-2020 02:00:00,147.62,35100
丹江口水库,汉江,30-06-2020 02:00:00,159.71,2580
丹江口水库(出库),汉江,30-06-2020 02:00:00,159.71,986
寸滩,长江,30-06-2020 03:00:00,169.65,20400
武隆,乌江,30-06-2020 03:00:00,179.57,4150
宜昌,长江,30-06-2020 03:00:00,50.13,37400
沙市,长江,30-06-2020 03:00:00,40.97,32400
汉口,长江,30-06-2020 03:00:00,24.94,44800
九江,长江,30-06-2020 03:00:00,18.15,44200
大通,长江,30-06-2020 03:00:00,12.63,48500
城陵矶(七),洞庭湖,30-06-2020 03:00:00,31,14900
湖口,鄱阳湖,30-06-2020 03:00:00,17.57,5580
三峡水库(出库),长江,30-06-2020 03:00:00,147.63,35100
丹江口水库(出库),汉江,30-06-2020 03:00:00,159.71,975
寸滩,长江,30-06-2020 04:00:00,169.59,20200
武隆,乌江,30-06-2020 04:00:00,179.46,4100
宜昌,长江,30-06-2020 04:00:00,50.16,37500
沙市,长江,30-06-2020 04:00:00,40.97,32300
汉口,长江,30-06-2020 04:00:00,24.96,44900
九江,长江,30-06-2020 04:00:00,18.17,44300
大通,长江,30-06-2020 04:00:00,12.63,48400
城陵矶(七),洞庭湖,30-06-2020 04:00:00,30.98,14900
湖口,鄱阳湖,30-06-2020 04:00:00,17.57,5600
三峡水库(出库),长江,30-06-2020 04:00:00,147.6,35100
丹江口水库(出库),汉江,30-06-2020 04:00:00,159.72,973
寸滩,长江,30-06-2020 05:00:00,169.58,20200
武隆,乌江,30-06-2020 05:00:00,179.37,4060
宜昌,长江,30-06-2020 05:00:00,50.19,37600
沙市,长江,30-06-2020 05:00:00,40.99,32500
汉口,长江,30-06-2020 05:00:00,24.97,44900
九江,长江,30-06-2020 05:00:00,18.18,44300
大通,长江,30-06-2020 05:00:00,12.63,48500
城陵矶(七),洞庭湖,30-06-2020 05:00:00,31.01,14900
湖口,鄱阳湖,30-06-2020 05:00:00,17.58,5620
三峡水库(出库),长江,30-06-2020 05:00:00,147.58,35100
丹江口水库(出库),汉江,30-06-2020 05:00:00,159.72,975
寸滩,长江,30-06-2020 06:00:00,169.53,20100
武隆,乌江,30-06-2020 06:00:00,179.32,4030
宜昌,长江,30-06-2020 06:00:00,50.22,37700
沙市,长江,30-06-2020 06:00:00,40.98,32300
汉口,长江,30-06-2020 06:00:00,24.98,45000
九江,长江,30-06-2020 06:00:00,18.17,44300
大通,长江,30-06-2020 06:00:00,12.64,48800
城陵矶(七),洞庭湖,30-06-2020 06:00:00,31.08,14800
湖口,鄱阳湖,30-06-2020 06:00:00,17.59,5640
三峡水库(出库),长江,30-06-2020 06:00:00,147.54,35100
丹江口水库(出库),汉江,30-06-2020 06:00:00,159.72,973
寸滩,长江,30-06-2020 07:00:00,169.49,20000
武隆,乌江,30-06-2020 07:00:00,179.46,4100
宜昌,长江,30-06-2020 07:00:00,50.19,37600
沙市,长江,30-06-2020 07:00:00,40.99,32300
汉口,长江,30-06-2020 07:00:00,25,45100
九江,长江,30-06-2020 07:00:00,18.19,44400
大通,长江,30-06-2020 07:00:00,12.64,48800
城陵矶(七),洞庭湖,30-06-2020 07:00:00,31.09,14800
湖口,鄱阳湖,30-06-2020 07:00:00,17.59,5670
三峡水库(出库),长江,30-06-2020 07:00:00,147.54,35100
丹江口水库(出库),汉江,30-06-2020 07:00:00,159.73,1190
寸滩,长江,30-06-2020 08:00:00,169.45,19900
武隆,乌江,30-06-2020 08:00:00,179.56,4140
宜昌,长江,30-06-2020 08:00:00,50.13,37400
沙市,长江,30-06-2020 08:00:00,41.02,32400
九江,长江,30-06-2020 08:00:00,18.2,44400
大通,长江,30-06-2020 08:00:00,12.64,49100
城陵矶(七),洞庭湖,30-06-2020 08:00:00,31.05,14800
湖口,鄱阳湖,30-06-2020 08:00:00,17.6,5690
三峡水库,长江,30-06-2020 08:00:00,147.5,30000
三峡水库(出库),长江,30-06-2020 08:00:00,147.5,35200
丹江口水库,汉江,30-06-2020 08:00:00,159.74,2170
丹江口水库(出库),汉江,30-06-2020 08:00:00,159.74,1010
汉口,长江,30-06-2020 08:00:00,25.03,45300
寸滩,长江,30-06-2020 09:00:00,169.45,19900
武隆,乌江,30-06-2020 09:00:00,179.63,4170
宜昌,长江,30-06-2020 09:00:00,50.15,37500
沙市,长江,30-06-2020 09:00:00,41.04,32600
汉口,长江,30-06-2020 09:00:00,25.03,45300
九江,长江,30-06-2020 09:00:00,18.21,44500
大通,长江,30-06-2020 09:00:00,12.66,48700
城陵矶(七),洞庭湖,30-06-2020 09:00:00,31.09,14800
湖口,鄱阳湖,30-06-2020 09:00:00,17.62,5710
三峡水库(出库),长江,30-06-2020 09:00:00,147.46,35300
丹江口水库(出库),汉江,30-06-2020 09:00:00,159.74,994
寸滩,长江,30-06-2020 10:00:00,169.42,19900
武隆,乌江,30-06-2020 10:00:00,179.8,4250
宜昌,长江,30-06-2020 10:00:00,50.15,37500
沙市,长江,30-06-2020 10:00:00,41.03,32500
汉口,长江,30-06-2020 10:00:00,25.05,45300
九江,长江,30-06-2020 10:00:00,18.21,44500
大通,长江,30-06-2020 10:00:00,12.66,49000
城陵矶(七),洞庭湖,30-06-2020 10:00:00,31.12,14800
湖口,鄱阳湖,30-06-2020 10:00:00,17.63,5730
三峡水库(出库),长江,30-06-2020 10:00:00,147.41,35500
丹江口水库(出库),汉江,30-06-2020 10:00:00,159.75,991
寸滩,长江,30-06-2020 11:00:00,169.45,20600
武隆,乌江,30-06-2020 11:00:00,180.24,4450
宜昌,长江,30-06-2020 11:00:00,50.2,37600
沙市,长江,30-06-2020 11:00:00,41.04,32400
汉口,长江,30-06-2020 11:00:00,25.08,45500
九江,长江,30-06-2020 11:00:00,18.22,44500
大通,长江,30-06-2020 11:00:00,12.67,48900
城陵矶(七),洞庭湖,30-06-2020 11:00:00,31.16,14700
湖口,鄱阳湖,30-06-2020 11:00:00,17.64,356
三峡水库(出库),长江,30-06-2020 11:00:00,147.39,34700
丹江口水库(出库),汉江,30-06-2020 11:00:00,159.74,1840
宜昌,长江,30-06-2020 11:24:00,50.22,35600
寸滩,长江,30-06-2020 12:00:00,169.47,20600
武隆,乌江,30-06-2020 12:00:00,181.06,4820
宜昌,长江,30-06-2020 12:00:00,50.17,37500
沙市,长江,30-06-2020 12:00:00,41.07,32500
汉口,长江,30-06-2020 12:00:00,25.1,43800
九江,长江,30-06-2020 12:00:00,18.25,44700
大通,长江,30-06-2020 12:00:00,12.68,49000
城陵矶(七),洞庭湖,30-06-2020 12:00:00,31.14,14800
湖口,鄱阳湖,30-06-2020 12:00:00,17.66,356
三峡水库(出库),长江,30-06-2020 12:00:00,147.39,34600
丹江口水库(出库),汉江,30-06-2020 12:00:00,159.75,1900
寸滩,长江,30-06-2020 13:00:00,169.47,20600
武隆,乌江,30-06-2020 13:00:00,182.04,5280
宜昌,长江,30-06-2020 13:00:00,50.21,36400
沙市,长江,30-06-2020 13:00:00,41.07,32500
汉口,长江,30-06-2020 13:00:00,25.11,43800
九江,长江,30-06-2020 13:00:00,18.26,44700
大通,长江,30-06-2020 13:00:00,12.68,49200
城陵矶(七),洞庭湖,30-06-2020 13:00:00,31.1,14800
湖口,鄱阳湖,30-06-2020 13:00:00,17.66,357
丹江口水库(出库),汉江,30-06-2020 13:00:00,159.75,1920
寸滩,长江,30-06-2020 14:00:00,169.45,20600
武隆,乌江,30-06-2020 14:00:00,182.8,5670
宜昌,长江,30-06-2020 14:00:00,50.15,36300
沙市,长江,30-06-2020 14:00:00,41.09,32600
汉口,长江,30-06-2020 14:00:00,25.12,43900
九江,长江,30-06-2020 14:00:00,18.27,44800
大通,长江,30-06-2020 14:00:00,12.69,48500
城陵矶(七),洞庭湖,30-06-2020 14:00:00,31.17,14700
湖口,鄱阳湖,30-06-2020 14:00:00,17.68,357
三峡水库,长江,30-06-2020 14:00:00,147.36,29000
三峡水库(出库),长江,30-06-2020 14:00:00,147.36,34000
丹江口水库,汉江,30-06-2020 14:00:00,159.74,1530
丹江口水库(出库),汉江,30-06-2020 14:00:00,159.74,1920
寸滩,长江,30-06-2020 15:00:00,169.44,20600
武隆,乌江,30-06-2020 15:00:00,183.13,5840
宜昌,长江,30-06-2020 15:00:00,50.07,36100
沙市,长江,30-06-2020 15:00:00,41.1,32500
九江,长江,30-06-2020 15:00:00,18.29,44900
大通,长江,30-06-2020 15:00:00,12.69,48900
城陵矶(七),洞庭湖,30-06-2020 15:00:00,31.2,14700
湖口,鄱阳湖,30-06-2020 15:00:00,17.69,358
汉口,长江,30-06-2020 15:00:00,25.13,43900
三峡水库(出库),长江,30-06-2020 15:00:00,147.31,34700
丹江口水库(出库),汉江,30-06-2020 15:00:00,159.74,1930
寸滩,长江,30-06-2020 16:00:00,169.42,20500
武隆,乌江,30-06-2020 16:00:00,183.03,5790
宜昌,长江,30-06-2020 16:00:00,49.99,36000
沙市,长江,30-06-2020 16:00:00,41.11,32600
汉口,长江,30-06-2020 16:00:00,25.13,43900
九江,长江,30-06-2020 16:00:00,18.29,44900
大通,长江,30-06-2020 16:00:00,12.69,49000
城陵矶(七),洞庭湖,30-06-2020 16:00:00,31.21,14700
湖口,鄱阳湖,30-06-2020 16:00:00,17.7,358
三峡水库(出库),长江,30-06-2020 16:00:00,147.3,34000
丹江口水库(出库),汉江,30-06-2020 16:00:00,159.75,1920
寸滩,长江,30-06-2020 17:00:00,169.39,20500
武隆,乌江,30-06-2020 17:00:00,182.75,5640
宜昌,长江,30-06-2020 17:00:00,49.97,35900
沙市,长江,30-06-2020 17:00:00,41.12,32600
汉口,长江,30-06-2020 17:00:00,25.15,44000
九江,长江,30-06-2020 17:00:00,18.3,45000
大通,长江,30-06-2020 17:00:00,12.69,49600
城陵矶(七),洞庭湖,30-06-2020 17:00:00,31.23,14700
湖口,鄱阳湖,30-06-2020 17:00:00,17.7,359
三峡水库(出库),长江,30-06-2020 17:00:00,147.28,34100
丹江口水库(出库),汉江,30-06-2020 17:00:00,159.75,1930
寸滩,长江,30-06-2020 18:00:00,169.39,20500
武隆,乌江,30-06-2020 18:00:00,182.6,5570
宜昌,长江,30-06-2020 18:00:00,50.06,36100
沙市,长江,30-06-2020 18:00:00,41.12,32600
汉口,长江,30-06-2020 18:00:00,25.15,44000
九江,长江,30-06-2020 18:00:00,18.31,45000
大通,长江,30-06-2020 18:00:00,12.69,49200
湖口,鄱阳湖,30-06-2020 18:00:00,17.7,359
三峡水库(出库),长江,30-06-2020 18:00:00,147.21,34700
丹江口水库(出库),汉江,30-06-2020 18:00:00,159.75,1930
城陵矶(七),洞庭湖,30-06-2020 18:00:00,31.24,14700
寸滩,长江,30-06-2020 19:00:00,169.36,20400
武隆,乌江,30-06-2020 19:00:00,182.66,5600
宜昌,长江,30-06-2020 19:00:00,50.19,36400
沙市,长江,30-06-2020 19:00:00,41.12,32500
汉口,长江,30-06-2020 19:00:00,25.16,44100
九江,长江,30-06-2020 19:00:00,18.32,45100
大通,长江,30-06-2020 19:00:00,12.7,48900
城陵矶(七),洞庭湖,30-06-2020 19:00:00,31.23,14700
湖口,鄱阳湖,30-06-2020 19:00:00,17.72,360
三峡水库(出库),长江,30-06-2020 19:00:00,147.17,34700
丹江口水库(出库),汉江,30-06-2020 19:00:00,159.75,1940
寸滩,长江,30-06-2020 20:00:00,169.32,20300
武隆,乌江,30-06-2020 20:00:00,182.76,5650
宜昌,长江,30-06-2020 20:00:00,50.14,36300
沙市,长江,30-06-2020 20:00:00,41.12,32400
汉口,长江,30-06-2020 20:00:00,25.17,44100
九江,长江,30-06-2020 20:00:00,18.32,45100
大通,长江,30-06-2020 20:00:00,12.71,49500
城陵矶(七),洞庭湖,30-06-2020 20:00:00,31.22,14700
湖口,鄱阳湖,30-06-2020 20:00:00,17.71,361
三峡水库,长江,30-06-2020 20:00:00,147.14,29000
三峡水库(出库),长江,30-06-2020 20:00:00,147.14,34600
丹江口水库,汉江,30-06-2020 20:00:00,159.75,2060
丹江口水库(出库),汉江,30-06-2020 20:00:00,159.75,1860
寸滩,长江,30-06-2020 21:00:00,169.32,20300
武隆,乌江,30-06-2020 21:00:00,182.97,5750
宜昌,长江,30-06-2020 21:00:00,50.03,36100
沙市,长江,30-06-2020 21:00:00,41.12,32300
汉口,长江,30-06-2020 21:00:00,25.17,44100
九江,长江,30-06-2020 21:00:00,18.33,45100
大通,长江,30-06-2020 21:00:00,12.72,49200
城陵矶(七),洞庭湖,30-06-2020 21:00:00,31.21,14700
湖口,鄱阳湖,30-06-2020 21:00:00,17.73,361
三峡水库(出库),长江,30-06-2020 21:00:00,147.09,34600
丹江口水库(出库),汉江,30-06-2020 21:00:00,159.74,1860
寸滩,长江,30-06-2020 22:00:00,169.26,20200
武隆,乌江,30-06-2020 22:00:00,183.58,6080
宜昌,长江,30-06-2020 22:00:00,50.06,36100
沙市,长江,30-06-2020 22:00:00,41.14,32500
汉口,长江,30-06-2020 22:00:00,25.19,44200
九江,长江,30-06-2020 22:00:00,18.33,45100
大通,长江,30-06-2020 22:00:00,12.73,49400
城陵矶(七),洞庭湖,30-06-2020 22:00:00,31.27,14700
湖口,鄱阳湖,30-06-2020 22:00:00,17.73,362
三峡水库(出库),长江,30-06-2020 22:00:00,147.07,34200
丹江口水库(出库),汉江,30-06-2020 22:00:00,159.75,1930
寸滩,长江,30-06-2020 23:00:00,169.25,20200
武隆,乌江,30-06-2020 23:00:00,184.5,6590
宜昌,长江,30-06-2020 23:00:00,50.06,36100
沙市,长江,30-06-2020 23:00:00,41.15,32300
汉口,长江,30-06-2020 23:00:00,25.19,44200
九江,长江,30-06-2020 23:00:00,18.36,45300
大通,长江,30-06-2020 23:00:00,12.74,49500
城陵矶(七),洞庭湖,30-06-2020 23:00:00,31.32,14600
湖口,鄱阳湖,30-06-2020 23:00:00,17.74,362
三峡水库(出库),长江,30-06-2020 23:00:00,147.02,34400
